fixed acidity,volatile acidity,citric acid,residual sugar,chlorides,free sulfur dioxide,total sulfur dioxide,density,pH,sulphates,alcohol,quality
6.428675219177636,0.614296805289045,0.4779876109122526,3.8569228226567644,0.09211281810113639,35.08814038169485,11.223437134610428,0.9953324047487365,3.3637278020207653,0.8735427951790506,10.978057382170102,6
7.090792337907087,0.6235998336436059,0.0,2.1095629075375624,0.014676523273527003,2.441145986310211,73.88166946409143,0.997915923412257,3.333653569437269,0.3570262365688418,10.322229454071415,7
7.302841064743379,0.35398930393316863,0.41194384033084497,5.37439625723769,0.11742246851016347,11.982024999847532,69.75274573433637,0.9947844627891689,3.153269127226223,0.7079924036792206,11.391994302413517,7
7.964190116315155,0.40716962102853893,0.5357322908789601,2.0033240703777304,0.09128622936045709,9.98444227025082,6.0,0.9970250926636721,3.3660205656360858,0.6466760694790642,9.474367692781495,7
7.009631239745299,0.4081707410503379,0.5659015953066795,2.6530768068772725,0.11202582246606868,19.788245841118894,62.339489910059136,0.9925569610372662,3.2045537122303975,0.4450722473246957,9.909646910524026,5
8.356879910686915,0.4650833758280855,0.3688721479181726,4.314157900481769,0.033225115579706414,19.14746733374273,57.53005383383433,0.9989291352734577,3.3579620810328663,0.9328290004281123,8.4,5
7.2429088891391356,0.6270054533258722,0.06909440702865952,3.292995039182872,0.09859437220579464,9.77848059215704,74.05234195759505,0.9967016636138573,3.317475027532686,0.33,9.728498301947328,5
9.49233421022668,0.5833132648515825,0.38969635966603156,1.2,0.1480612993008729,8.949667707984556,51.98712578177064,0.9936700464313687,3.476953948069356,0.6786133075167781,11.396790196613516,7
10.052806953779692,0.5975390522882893,0.10484205250897585,2.507890162415594,0.04655615919828985,5.426945743106652,93.44290906376094,0.997894633197603,3.2212950882437332,0.7478385216100307,10.449665479771227,7
8.484522549248346,0.7737234456268742,0.20483661843023573,3.7067506585210808,0.0452707817485713,1.0,42.33285699763753,0.9998010892633061,3.287000603785932,0.49223967667852986,9.411407321519503,7
9.086464770147876,0.6540003678484934,0.3427856098385156,1.2,0.12046200093571145,2.269272397906269,37.548094322770915,0.9949398201172718,3.432940238482775,0.7051342500422477,11.929527238711914,4
11.900355114364014,0.5044757075007043,0.11709572414243957,3.550969913180581,0.04145460057773359,25.001133984438432,14.429380127031045,0.9963005973103967,3.273650213980755,0.6198380337412173,10.548206323828976,7
6.306574463335764,0.3169006683105501,0.05218394172362098,3.0462155160188344,0.07603565279160834,31.279397079283083,15.773311245947514,0.9957218345969147,3.3066849735639225,0.8259683834842682,12.21231316790979,7
6.203104227823822,0.4013815384752434,0.35849693051325643,4.157488677391922,0.15635943591264023,30.052504666256148,12.794443532392073,0.9952365878620105,3.2473633672466624,1.255324973221128,11.316655934570916,6
9.481496431320688,0.4828930878179192,0.6247725988193399,1.5312961487259027,0.045937562079636576,25.446956392921187,53.685348334014414,0.9950364320091768,3.284798540822486,0.7155609374641666,10.601376234612415,6
11.609122823775103,0.6792433689205005,0.5062145227910981,3.894250781824943,0.15958877864709048,5.274609561593287,37.64663241554421,0.9954717294019114,3.4133274661027553,0.7606881020943546,12.363455302129472,6
7.857152444704172,0.5250802518609032,0.40436537515951804,2.723451546361164,0.07121825812815584,3.4971643001119848,57.37980715701054,0.995574477125074,3.5927305096309277,0.49222348914548053,9.999112128117241,6
11.235617531771894,0.41188472812008026,0.45604523276204934,4.972470425673203,0.03430353763857403,1.0,6.71571597821324,0.9960227195137743,3.0515108169635714,0.6945158325464816,9.228467287325511,6
8.463937321948933,0.39807928056909936,0.3911667044645641,6.400469912938655,0.11537409529076349,9.776429842220935,18.34772661428435,0.9958847543631563,3.1151870850397265,0.5945880192478659,12.111305431770987,6
7.142491620533562,0.5174759223941793,0.35548104358778465,4.653662614673573,0.09206416232742516,16.814615302712696,17.793322904085734,0.99814622492484,3.288212664666298,0.7903978306497412,11.046847427612526,6
6.615822939315905,0.690197761199078,0.440737389523743,3.172726149351514,0.0876194722616744,5.318265144864316,117.86900718563498,0.9979765650013359,3.317645139589398,0.4155733140161002,11.891368515723299,7
9.37000309430754,0.8163834750395211,0.010011012509735795,5.749405594486527,0.05087024175563682,20.42642477318957,41.04908427881597,0.9937863488394573,3.2764816088190996,0.47550312202757383,11.343059941975097,5
6.744569584769416,0.49296165235465983,0.3079022068941535,3.3448692583351773,0.09172128867124939,22.74450657991381,44.31654801373236,0.9955721783171579,3.224795099778317,0.8586032831583154,12.158519609945309,6
8.438170632703947,0.5219462274627323,0.2546198408136698,1.2288760010683373,0.012,10.917850330142091,43.95179606093962,0.9990760587683698,3.1202169443345134,0.6936979929936844,9.852672349837887,6
10.99189054315296,0.3114904928916711,0.2849915379174671,2.4450173702677946,0.09728194262888422,1.8298138568027031,97.58808463454193,0.9972586474232608,3.2159422043016272,0.8830501841625544,10.198160909678172,6
7.778473332118671,0.8790546624379039,0.18233927919811,3.566341060813002,0.14797071240874451,30.399728919913628,6.0,0.9973354943396111,3.435854439325675,0.7198365895072457,10.18688789663538,7
10.53381610689463,0.2778194891319049,0.36889269050710416,3.6563358178680896,0.012,16.268993358519158,44.529305650060735,0.9971540589943212,3.3243322835473603,0.7446624522179434,10.20131758914235,6
6.23527606746511,0.7408992161204991,0.11459367815935467,1.2,0.0678815648341872,36.28266308679218,6.0,0.9962028439365194,3.414036532277355,0.6053844249308349,8.723260167097575,6
7.392354527761441,0.4642395284577553,0.1685675634155135,1.2,0.04589192873504144,16.86998106861672,6.0,0.9966220091977844,3.124674233224446,0.6250833488639801,10.574877934769132,7
5.907855155434643,0.42211403110874257,0.14576281640610095,2.0221662153062123,0.015980460406095298,17.60323563108535,22.34350572094497,0.9959325920693577,3.5323980713897813,0.8219509678804595,11.24645072494363,5
8.424094485154708,0.33019935706053327,0.4341498610812752,3.2483610588386664,0.012,5.772783390109177,60.06019054996525,0.9983258969787548,3.223469763705577,0.6336499578746948,9.671845662656747,7
9.626132905518192,0.963808756893284,0.2677725343902533,3.427587569831887,0.03150071190136963,11.45279499939681,20.253014112159125,0.9959499213121681,3.383181050703853,0.8592010256106626,9.422374493732525,6
8.427818048930517,0.569868492190111,0.18244185543861505,2.6978271737467345,0.07560829907683884,1.0,59.520673485176566,0.9964853827160647,3.2907375980766176,0.6393248815731332,10.25453568487829,5
10.38598510194926,0.5338304786787315,0.19904835794692569,1.3317997730752935,0.14100944127802112,1.7919441855098288,50.003070418208814,0.9980971411611798,3.2268377918602105,0.45746129616140374,11.239463013654785,7
7.02639529093048,0.6896118247198176,0.27073731716927735,4.931720120227023,0.01543241803984624,23.682232996928654,41.92474181036305,0.9960771951925385,3.3766540553548596,0.4419714026633115,9.249011245333017,7
8.683082681271415,0.41285010938660666,0.5782132345852722,1.2,0.10083645967940172,12.932874477271675,88.11730111648755,0.9965656319070896,3.4024785087729867,0.6288048784878385,12.898747231637127,7
7.403302149856445,0.5303322719415811,0.03506113609413236,4.323277042795266,0.09732315457099969,11.462090699520221,26.8903975100162,0.9960194238165533,3.723954200735623,0.8136757692567826,9.009913842321408,6
8.914850195220215,0.5401405316261818,0.39834689955915925,3.5343525968305114,0.16558225912344393,8.125527202785172,59.02356336275312,0.9965302636454328,3.4084475719115805,0.5449343688260962,9.789343025585517,5
9.156351278561125,0.4378137681773361,0.35965384422589153,4.29246522542042,0.11383847882666592,11.852001103342076,6.0,0.9960837881222706,3.406137449768487,0.7824037026866771,11.613465916793817,7
9.290073131972907,0.7459348542534645,0.10223657429511263,1.8777933899079162,0.11654417617242782,27.797166136875312,49.74984349542984,0.9956818722195182,3.4863117700495136,0.6751249918739781,11.435259082286237,6
6.479989624999478,0.49064220593073726,0.5487059251293904,2.300284122675114,0.1198671187867413,17.414328447163022,38.037592387809525,0.9953548894317918,3.3919055191529655,0.7610556619229925,11.341586641370922,5
6.787431626962833,0.25043623039361074,0.3724632856673285,2.5770595801934606,0.04356109527999788,3.509843759009991,7.6040933745816375,0.9963723435521463,3.304037925582237,0.6087531806318963,9.666583951399714,6
7.10271089607498,0.47573047456624273,0.17353067238634626,1.8330431351578789,0.06007734139171928,26.719039285834427,59.61060982016455,0.9986346526010874,3.360161655273519,0.6891116915635779,9.869643357106908,4
7.893902728626785,0.5748521609085016,0.0,2.815361834893138,0.13949280362672467,34.01290519287917,22.188511313628343,0.9978850244283601,3.4416402834903095,0.8175863397596173,9.483631056931335,7
8.448216887150933,0.36917121790023055,0.3135378985548314,4.710725238499691,0.012,21.09439901452734,103.48887258914189,0.9936995548152749,3.524177528493156,0.6550808554400045,10.057393468990927,6
9.50375150715635,0.38337293722932103,0.2614983388963632,1.2,0.05493137960626486,25.25854722378269,6.0,0.9958846159620335,3.0773545556742348,0.5687746874111643,10.809538556994598,7
6.8582322111233065,0.43167337313731274,0.07416454305943737,1.579903608504474,0.02445196469248602,28.718220632373786,54.66770602395939,0.9954871567191662,3.0189029377229026,0.3489832841252512,9.4784380286796,6
5.578267193907022,0.7498224188120529,0.07171326207422901,1.4279565538112413,0.09800946997584573,1.0,47.9047403296828,0.99373158599296,3.5176498190440593,0.7500605243974258,8.529439003452492,6
11.964763377451543,0.4423115559237729,0.4350168747527059,2.367814433009533,0.06718439649037737,35.47483886279956,37.259582441583674,0.9972230292052916,3.187191079487811,0.5268187190417694,11.651064976651964,6
6.37652986489087,0.7872410633391855,0.0,2.3102632234295806,0.11642061232446972,27.437547742110617,29.088145452792908,0.9965174266835795,3.0546783189669724,0.5695066501009192,10.20722217258971,6
9.721750329092439,0.4193089211332996,0.3297137234638769,3.5812404182169884,0.08187722744656506,21.032974359585744,48.75786777778766,1.0005435899449826,3.0401976156553405,0.4759542597562229,11.200453033550236,7
8.353153691322747,0.5885025445261776,0.23438697469093633,2.547212344089925,0.014333660945727383,14.582664338902209,81.4460940209346,0.9960653613649486,3.5874845959479273,0.6188855905260695,10.069216471960633,7
8.727219589370847,0.4496763186404448,0.3644594173871535,2.9240365874070235,0.0165062209546617,1.8589546328521251,6.0,0.9952252664266941,3.4451523734373106,1.0145824655580011,10.98079156008862,7
8.297364140078965,0.665734970652285,0.21408204812656179,3.057827263716801,0.08671571962396299,12.420288411189231,19.983031094944963,0.9950414172401513,3.1875557065456936,0.7178466487012951,12.88902229298407,7
7.645768800689887,0.3287106521782498,0.32572224339945977,2.843565685688136,0.050756656540019485,20.608168673560954,11.944566280801581,0.9958419777588305,3.193921831552626,0.5484965131649023,9.176683480594244,7
9.088752880969881,0.6637147063239017,0.12887277953954526,3.4846382860406284,0.06196620891946464,4.304237020084045,10.399084326123386,0.9978216205864392,3.3184489462220457,0.5804284232756399,9.567622357008759,7
7.554401749362598,0.5504964920557431,0.26065106592706,2.3287472650141567,0.13110552482408838,15.167653692502283,57.77644227882551,0.9980392493554144,3.4423461366642574,0.4134159425091172,9.43620987281798,5
10.282714670302543,0.4148014729800592,0.3629259368486411,4.8049157545049965,0.12267453581275928,3.4728156064853,65.88919666774363,1.002259698943185,3.264722804785614,0.46579597292840164,12.651471824374942,6
9.266349710635463,0.5000801327521729,0.29866565554233937,6.058267785406309,0.1714934905071358,11.861446151326103,81.54188438128404,0.9944074950954558,3.188951645741902,0.43878215771884566,10.380658772709374,5
9.31930999257854,0.8060938893857915,0.34225830005629343,3.4887233646738975,0.07213222939721696,1.69741265429745,66.40771869351332,0.9968638462630647,3.4847971705279326,0.7039564541374267,11.349600989852444,6
7.437890797903798,0.554812010878541,0.09369495310418713,2.8191876291926854,0.05686610818071529,1.0,69.07406930755411,0.9953998650807911,3.3060209257137156,0.7339410228760557,8.4,6
7.898196946948707,0.40350895713572504,0.15777183324187813,3.3744152330441413,0.10665488132815876,19.47093882037099,6.0,0.9973659495664037,3.280489608988758,0.6711917398729833,10.80067092370306,6
6.2805482253084906,0.31315520909093975,0.16106543054897043,1.2,0.06064265994572116,9.812545636795281,95.30923064949404,0.9993279986213536,3.4011871922107835,0.7208729174280177,10.013933140379217,7
7.699872703566545,0.6209727692175795,0.217466946438517,2.752147654451581,0.062181127687790334,10.799198737710963,39.598977238176616,0.9983380116201641,2.9810049164080588,0.5277454746412873,11.885812471975441,6
6.537820942194296,0.5652521444619234,0.5281307452273873,1.476145550271948,0.07750122508520368,9.24884183490576,80.48557100227121,0.9944055514356237,3.383016759382197,0.4627929381529219,11.104874117871795,6
10.532216476500816,0.6551037251158802,0.20270603644821683,3.213967684136462,0.16467920092339333,44.49273887007753,6.0,0.9980008493279058,3.3732810845733274,0.461715139859758,9.950908869930661,6
8.38591088650981,0.2667995468558284,0.05272370264455495,1.4830969688319937,0.12008639284104544,22.277354399910763,38.55728741145041,0.9926846334928473,3.097646851497531,0.4541825678511715,12.09040659197119,5
8.589845299568733,0.31899311847953005,0.3729126806916126,2.0173115764975456,0.12501455890705893,23.404807161260923,77.52522339187857,0.9921781532118561,3.0110285381366677,0.7189747000286945,12.188642449967022,7
7.917250903504964,0.736438255865342,0.5258622519725515,1.2,0.16256915382998757,7.758136868781111,47.41871416415476,0.9962268039337207,3.2230883207515815,1.0003287194209252,12.011087068796027,5
8.635884167487394,0.5896414964202813,0.03036974814806126,1.2,0.12941904912354027,21.19988222999897,21.694390773945553,0.9978602924260037,3.3381778974870104,0.4799634131845233,11.215867438896154,7
12.490291980958062,0.6260121532227612,0.6448340433964371,2.996823324110465,0.033823936323653235,13.508929467680092,89.59285872782087,0.9973615740207342,3.35387013668127,0.5998692119886871,10.103306844777753,7
7.789761516532765,0.3567163342205685,0.34888355444138364,1.2836154903541974,0.12870697111463328,7.6737777205458535,7.9604665001077635,1.0003209976452891,3.572423157892575,0.6924918744752413,10.648321530257808,6
7.194297840993011,0.3534223043007947,0.46643924992299424,3.9892835772998074,0.1346699782844171,36.155459712794986,45.827960180073326,0.9969077212676287,3.3382465966892654,0.6105686363436348,9.954114675835882,3
9.200478325939253,0.7084265584745759,0.54874361065823,1.2,0.11763764807657548,21.914309303201065,67.56161638803903,0.9964969684685008,3.094580694335119,0.7146015340833208,10.636796236554915,7
4.6,0.7169079778577268,0.45479735211447103,3.134556301800079,0.07781423193173442,21.38455561995795,115.44821185569602,0.9988948663965345,3.2713503976193805,0.5601835505126852,9.76374621216887,7
8.408726537748587,0.33410249233477035,0.24899823656854042,1.4333741194395382,0.11267759018208229,5.696796981896917,31.42010099866627,0.995989147905167,3.110008917171712,0.5423431330995588,10.218442583538968,7
7.6680880644020695,0.2997133107464879,0.5013626473963689,3.039657685046936,0.08604873309901061,2.5628029444370597,37.404753754591376,0.997438621776822,3.2824180527405717,0.6270021382417846,12.693597174668003,7
6.61306744773864,0.51045326527176,0.3183739562754747,1.2,0.04102984631632286,15.295709562499324,31.86966171276937,0.9975530546744013,3.5269722566523707,0.713515443157482,10.732706276970312,5
9.163188039529551,0.3861172783923189,0.4771920977324515,1.8655438341186186,0.05270721866924758,9.878102784535502,54.34566822828861,0.9948536406902942,3.380723392182414,0.8760236463366825,9.940036174393061,6
8.391780311357849,0.3823681617717154,0.49797634191832985,1.315301400597171,0.12007497248826624,22.33272989717093,65.84284001712976,0.9974361869062506,3.198999141291262,0.7220280139505687,9.222730656602968,5
5.235904857259832,0.30475191564306936,0.06272964790517399,3.736525605432572,0.04442645156712639,23.032239249331504,82.47001015818769,1.0008515511644245,3.401220478552494,0.6151333353579517,10.293206819065295,7
7.200899813972857,0.445681907309534,0.42091721507563123,3.147167450235886,0.04885698345661558,16.58778431525311,71.37397182976864,0.9988596344421136,3.1902215467895227,0.7992349669275627,11.197534103025587,7
4.6,0.32215494632608416,0.2354405354824594,1.2,0.12240906961928054,24.590988322618905,30.136390476505515,0.9951053498802539,2.8844295988042448,0.8280171525249489,10.54627469535027,6
8.798557834026957,0.33282783745833744,0.2962562209889628,2.2155469687307674,0.09328808595465996,17.929696180112924,73.25990664450805,1.0011434367870538,3.1200434778723007,0.6064310238006247,10.342259953730736,5
8.781609011348268,0.5837105323819348,0.2941476222801316,1.4187550201880317,0.11412808590782321,6.747259036527506,49.511851689071555,0.9980096123713381,3.380599821885408,0.6331879903690643,10.855355669094363,6
6.951420780482756,0.5200643178282722,0.2865243413393181,3.8303600714159596,0.029236156982000265,13.818115474499626,71.01879832811892,0.9975060741506525,3.428939750205324,0.5853924872286385,10.821889814178428,6
9.218191609861316,0.6172781626757837,0.5594698093235175,4.280133806715514,0.11282318684948088,17.32519694716457,72.89788854227449,0.9965152790383976,3.574517743748844,0.7975535619240959,11.154653334275022,7
6.119752344093413,0.23317398163712488,0.010374950890127965,1.2,0.055978677001195076,25.65371313673939,100.1311370437233,0.9979971407307191,3.362541662866517,0.6706123970155238,11.183161082562686,7
6.656921055910512,0.5317785097693574,0.0,3.657384164134073,0.03920645267925128,18.26198386661111,34.833968190651916,0.9969123907995268,3.517462531184925,0.41906178170998015,10.305229824668839,7
9.00922378945036,0.9036147575898508,0.0,1.347385503039207,0.06324879006658604,9.899768651130358,28.551319369956424,0.9967373244663257,3.4070343463522517,0.7270470011221959,10.2517041533527,6
7.129266516562997,0.4629909528285922,0.4731374101478236,2.145916518192953,0.15101705297559143,26.044798712450376,61.211676290520195,0.996447093159317,3.454360017412693,0.9112379981760187,10.400878072327044,5
8.193483174455846,0.6784548211830137,0.12304687654514465,2.54515592068534,0.06987065565739974,19.897936380353293,85.40480659135329,0.9985501571782843,3.479664954934718,0.9246623580944471,10.999489410516887,7
7.341796653375218,0.6768812327793963,0.2951154292078284,5.043248628977661,0.19046536347753293,32.129574118659946,48.41030000780391,0.9983395854513603,3.3850006420887233,0.576551793646525,11.599636302808104,7
7.601417034291388,0.6857357494402296,0.24820374641633,1.2,0.012,16.81641342399827,87.54973440218805,0.9964161509941554,3.475526703138818,0.5395763536873186,10.039545405603956,6
7.6757188328765125,0.5599991036703181,0.10158872327840382,3.668649611700623,0.014324937807873611,5.008048505417944,69.20291937970512,0.9938139292912448,3.2024228303950615,0.9806375728858512,10.224811090485092,7
7.098513512729099,0.6318954768939585,0.43178067513558277,1.2,0.14923670614584122,28.25828331725911,39.880010777350215,0.9967685255147265,2.9363008341243955,0.9243396326454876,9.52960344560999,6
8.814164514412212,0.655822451602341,0.24578203603869697,1.2,0.16105341428031947,9.84370538363585,65.03373805063801,0.9953360349167997,3.4102139144303463,0.7374414592201299,8.800077665736575,6
7.232521572518287,0.6443802850965844,0.2248303353627069,2.539848827786817,0.0464175098521455,19.001953333508,32.194198567291465,0.9958001992923459,3.367715893752236,0.3669272987791929,9.075518186944485,6
8.326667413452524,0.32886472876758877,0.31424554847064773,2.530421287385612,0.09023799998597416,17.85002523837413,54.349942410454716,0.9964627804049894,3.17520809681945,0.5549255005095813,9.326020673198608,4
7.061156141663515,0.22267079314208243,0.40694669611926126,1.2,0.120472926169654,16.37910796487257,11.193064135052346,0.9946853996189411,3.115582330143642,0.472095023438567,9.68762775228556,5
5.6916923351464215,0.25035496218533476,0.08779451372845493,4.123434805125696,0.07621934269385651,14.116890292139411,44.257646858707005,0.9936404335045288,3.3301239345834635,0.9661005697266138,10.892074000773787,4
9.851139923740584,0.48137120137112055,0.4358544859933245,1.2,0.09404375329522555,1.0,79.38977316480222,0.9972547490801269,3.420405980667369,0.3986514127187401,9.253667537330873,7
9.149195874662196,0.636906812196076,0.5454721687569364,2.295687589441378,0.0875138516224299,5.377908791380479,71.7391330572359,0.9967509761087572,3.390066151139834,0.9646202613688795,10.41892109894616,6
12.190759516956042,0.3312059700479148,0.0,4.358661632247427,0.017371991956318805,27.682389383420002,66.92569351029684,0.9966783227501752,3.152974618295264,0.6400607793545648,11.29648998169291,6
6.525246172002962,0.6963146825451927,0.32287680603428803,5.59285755336415,0.07080091955978512,20.40240753662973,55.958081307987605,0.9976704565183284,3.1875109133769115,0.4543911103512194,9.512053258092866,7
7.944767171535549,0.43959046858858053,0.21206477965210782,1.9917301908359883,0.08758115947141702,35.947619031577865,51.75893503555094,0.9954468780427002,3.4131007446969064,0.8257557339562966,9.873688704114633,6
8.081537282545131,0.44130406198506583,0.40285381033682666,1.2,0.09184672620307863,5.004099368638009,6.0,0.997331699519056,3.32119366325981,0.7650140065199306,8.987537334478663,6
9.981928045079624,0.37950074074167195,0.0388347496198983,4.306767516075141,0.012,15.578110893799403,39.719791227029944,0.9992411018789882,3.4732637028708457,0.44274214706254694,9.38080460443442,7
7.437916579974567,0.1907384553770708,0.5794982628722793,3.711219170168367,0.1224236132790385,28.113531949094458,52.50805928259153,0.9962160587123436,3.260216121283849,0.6537086800272077,11.865832290259046,6
6.309228847901048,0.5712765431182365,0.0,1.8154107945901345,0.09308620168611645,9.95885314128638,9.507124990145037,1.000308829145839,3.423886819323861,0.8918466265035466,10.940341402453301,5
10.353275824383704,0.8382801883109424,0.22358662144245856,1.6379675585071112,0.03739684759693851,10.803646036835339,6.0,0.9967949894115287,3.303893926791454,0.5883164011249343,12.700023945473966,6
7.761694950255913,0.5187203857641386,0.35251625443911844,1.495650970876796,0.1715560189991117,12.819931421293258,83.6385973744394,0.9950804794404683,3.1986886094869122,0.943553840983258,9.611408197261058,5
9.793693966534274,0.1968863044949266,0.13959599908238327,2.017578849971513,0.07071052466391549,11.223848152536217,48.172587525463705,0.9983143996473639,3.452937076360558,0.5313869154800843,12.014012747628653,7
9.59573728134676,0.6704617060909603,0.10975370579316288,2.9424953993622833,0.07376257303401824,21.48387268404654,53.40831833693105,0.9964861349946222,3.1571456190295026,0.38225551569111915,9.62015940016305,7
8.249186194366091,0.23753636178146198,0.3122247709597996,1.7075795841685197,0.11716033452399235,1.0,64.78012246995131,0.9986998459397369,3.321419391973391,0.6656866719065766,9.863744319475114,7
8.00366670144093,0.31237380854194663,0.28477438479830525,1.8845876142128635,0.1755480534657833,33.14862202767865,14.186707329045774,0.9974853579485076,3.3373329079835834,0.4096907410547709,13.312872697862339,7
7.634339829239333,0.4870991289835573,0.2711282521888784,3.397790627174806,0.11900886101409253,5.823535071167839,33.224988375339535,0.9960771249586834,3.2914755384284153,0.679230839283172,9.506489839065232,7
8.274171681091019,0.5521118189372357,0.433150817178469,1.2,0.12582716232461189,1.0,95.98382418871452,0.9995899283885505,3.462583123019306,0.6588743340506595,12.097735167890411,6
9.767270384490073,0.34844047978997095,0.19505018824867595,1.973689992120989,0.039923772321951295,15.792486322919142,30.423237451473973,0.9957511947117936,3.3981827703767515,0.5289824880607297,10.365769526706053,7
6.946051692198716,0.4800831098181235,0.33072260346105087,1.2,0.09108710599574696,11.937289877438431,37.753360779798356,0.9925853239116892,3.3798279873402417,0.9773760215725209,9.247674999648305,6
8.485037571355505,0.6587292321369232,0.1737454664275952,2.651777462694062,0.06198369886993593,14.031212637257566,24.47383937142825,0.9983731013746233,3.320543311913246,0.6573241358812809,8.869151672375335,7
6.398326572062028,0.6833921992654434,0.10862739769241248,1.2,0.12009410285831595,19.182054041023424,22.125895948786265,0.9973648707900145,3.595874467857823,0.8049421088862312,10.512546515733398,7
6.610019403828273,0.7552621559265676,0.2158958605868965,3.7460141775570017,0.12445739238896647,22.670833540319368,82.87033649205557,0.9991390664566931,3.5355587578677974,0.8158820314787952,9.197843930439712,6
8.24740370483544,0.8736953574128289,0.17523461443321,1.2,0.1637617872764372,33.60983921351292,6.0,0.9950248196691195,3.4515920838391216,0.9573719091567833,10.083767062652855,5
4.967731385900486,0.6757800778990011,0.18472727777907155,1.2,0.012,8.653521205736606,31.464245326862695,0.9962304118509177,3.426285820542183,0.4523988264884349,8.4,6
11.802949648247289,0.4909874274072368,0.4914122093824107,1.9909413857377354,0.05736282637113295,24.03005611072578,53.91599369252675,0.9960159206297183,3.217252240698565,0.3592296542443075,10.779221120030623,6
6.271798076652599,0.6846764824021351,0.22172034373324473,4.895550208347871,0.14811170037984595,23.34383273622153,102.32442714855549,0.9984741479429748,3.30244180254907,0.9510835216461359,8.749583760638172,7
8.23184952848386,0.6140089221209328,0.14404773226682568,3.495669434790206,0.021128097194171636,1.0,9.151085791270248,0.9979366153420234,3.4079164190847333,0.7567905606778331,10.335708442903636,7
10.285970127088671,0.6211460559547258,0.27533496706911825,1.2,0.12486559854600257,7.15145877337333,6.0,0.9971081207138626,3.47194348099568,0.6794728723462322,8.91934092194867,4
6.833060924124153,0.5618993813129034,0.28980330843439744,1.2,0.14029802353829324,2.386704075052007,18.202699428306666,0.9971203649375787,3.4473753617278002,0.6353394136110321,11.711690581599898,6
4.6,0.36583026161229687,0.04449256637712645,1.94615947745601,0.08566802726777636,20.6028750148582,69.58610755437624,0.99451315479187,3.3994681933874347,0.6051900300857921,8.4,6
7.543592207788059,0.34494264659205265,0.21330280833446974,5.633694426479206,0.020191159703643297,19.44717211728588,50.6218917418689,0.9981604960600848,3.6180963935610073,0.8043982601169708,10.097248876360137,6
6.812805353870599,0.5125187238064743,0.20564997842126656,1.2,0.08128857512458881,19.658240849841267,6.0,0.9981993299446315,3.28911942597356,0.41255909055198786,10.998566810599794,5
4.6,0.556803813652347,0.23729258799539008,1.2,0.15555802286055997,12.691281191098632,49.77544496103891,1.0010531036317756,3.4660312298946,0.7391463475919426,10.78400760823306,6
8.784312817372738,0.4077006338722917,0.40785039087721725,4.638401141632254,0.15933381663700455,13.750056129658379,97.5423024977576,0.997594491451351,3.4472817671970613,0.8333237305286936,9.065891343446687,7
8.652059565796018,0.6062015507495436,0.2959676555209477,2.772870087367326,0.09677037770855146,15.599902108083734,55.201405195306165,0.9979016715036816,3.3783861606001975,0.7843528579559185,8.538472494245672,6
10.241954972715199,0.904537862727054,0.5033080960032128,3.9742000382182376,0.04106982863040624,11.68831065173924,51.913954601682484,0.9976074421425584,3.3839970359028912,0.6458635919284226,11.23608890626511,6
6.394601978615342,0.2160204705299137,0.2677845323811251,1.4820606437536494,0.1687046681203223,24.060413857100638,53.894015734253536,0.9953762609421324,3.3808930999431492,0.6575474280429485,10.26767080376065,7
5.581467973040079,0.634804005961477,0.6074565832722123,2.3577098131793264,0.12558337531815633,4.668531926869099,60.137139506518295,0.9990738627166407,3.2009316068486386,0.876567855997253,9.2532616550974,6
7.608570758820808,0.5181245682396541,0.182452747390986,4.341884607063542,0.04415903147218702,7.690954434732356,6.0,0.9965940822615647,3.3717325957658915,0.7569264322045131,11.27504305593322,7
8.14981747968454,0.6111179999602379,0.1237831475786264,2.29722277256988,0.10309839164360388,17.173851938693854,38.86970033046181,0.9963333781801232,3.425235219660884,0.9563807706855614,9.797908682629842,7
9.866294325077044,0.4524713539171476,0.37398750820762505,4.072274476537048,0.10094717860597342,12.036743209477931,40.58602322178619,0.9964438543011807,3.359578212405204,0.3617415606958761,9.696601626080753,6
10.69796560850877,0.5037092206915099,0.5291755681183534,3.0421742206083424,0.05707063022717081,4.257793416189639,30.593869242740247,0.9965747071441674,3.0263192553282465,0.8121416662546501,9.472653875151986,6
10.364614527642491,0.5533100811814579,0.008027372128806998,1.2,0.1033610202915914,21.48521587437296,69.07340092866033,0.9957758227315326,3.0657299944911065,0.5200843153082306,9.58738066761748,6
8.770124233717533,0.4757059009636531,0.23257177683928015,2.477155902715568,0.13899078139182242,9.890982587759826,25.64161505886068,0.9971089533650567,3.18399227454064,0.645605135469893,9.548815637077846,6
9.659148730957053,0.2563025628734183,0.15395143043368456,3.8739375891850467,0.07307628765808073,7.03042980693697,34.6570389351463,0.996516443878772,3.2927632034376235,0.8919211026818552,10.751288677914827,4
7.211161160892388,0.4878952944839985,0.2971416924684952,3.437182667661639,0.14378864730463856,14.069013072259043,6.0,0.9963547521551491,3.1922597766134433,0.48760014131181456,12.059180774933337,7
8.58627182720792,0.2750419469246851,0.2719034054648869,2.4436459422108405,0.012,6.520880276056825,58.94641741218425,0.9976306674142084,3.409470450374557,1.0176542411663134,8.905499491963381,6
6.27480676321073,0.6475747599044557,0.525622437049267,1.2,0.1912585486766807,15.541096047279863,77.48860744193759,0.9968439985069224,3.4935678329919715,0.845962323723139,10.03512286974015,5
8.406565174707685,0.194201881805938,0.2494030893537912,1.2,0.08969550968904504,12.12316222228004,34.62242497088478,0.9956471417022004,3.515385140136785,0.7564662002141244,10.224463040951006,6
8.450699385576621,0.7151577883020601,0.5312089788043435,1.2,0.13743198675577023,10.517908910659017,73.06314451051342,0.9952492728845559,3.3618689359476694,0.4995537328501499,10.89708211860165,7
11.22761862966445,0.6073213400366263,0.21013093615644973,1.7853809105268286,0.09727473986713116,10.58349759342213,41.66512208811626,0.9968869631669482,3.476960796611049,0.6274465179864136,11.45750573369881,6
7.910729135466582,0.6080099508321011,0.44603155626999114,1.972034976829173,0.04829443700772207,26.353959222265065,6.0,0.9952813995058298,3.2233670268627153,0.5970757233005144,10.22948255374403,5
8.453072824010587,0.1404242237873889,0.3134459753459767,1.2,0.0852902986880033,19.776782818415622,44.805145488222834,0.9951446376711044,3.2866453345067326,0.44850687057614125,9.718316696065603,6
8.702834406710473,0.4708521011435199,0.5986782257498545,3.9315179111744225,0.012,1.0,40.723707217844975,0.995171494197664,3.1302838199503378,0.8439401600628431,11.01853553965457,7
7.52680546298963,0.7376414171587748,0.0,1.2,0.11935418574350204,25.171355157348795,49.88855523215929,0.9971844709917077,3.4958624997416465,0.5892578946343447,8.645095544558115,6
6.9357623535402,0.436650563774547,0.04886703362563333,1.2,0.09610693519630656,21.32384897039827,54.82980081612547,0.9989677306949094,3.612755661209009,0.6281568538327302,8.4,7
10.50797925223999,0.33594881300653145,0.6180082340850934,2.623530055440328,0.07799681355199249,20.703906469372882,23.998981816002274,0.9973607452316311,3.256315951653636,0.6367436616655322,13.171700688459113,7
6.632440346967495,0.4153993828989718,0.1306796322375928,3.8634671679905197,0.12237687984055495,25.22306430564339,94.9062627683022,0.9983849612536121,2.975795215461736,0.6215900624270033,9.53557036172195,6
6.0425392781316365,0.5177100279249192,0.1427373619655863,5.3767964677384334,0.08876359329488007,16.057815387563366,44.323284879796326,0.9965675663536762,3.162868112773591,0.7481779942896366,9.957313904829102,7
9.456451144802317,0.376753318943694,0.1036125187550277,3.315563076304448,0.11552100399728099,22.410878656925544,39.931065119266925,0.9969702278813232,3.209873470098732,0.5521455938561308,10.981882956880346,6
10.268285231440817,0.7520871017760729,0.48820473174140755,4.7117616062130665,0.13222887920736678,11.023044631508366,70.99502411311616,0.9998406917708125,3.105764770437992,0.8311141610750242,10.771283857264404,7
7.532603582078915,0.5183598446017293,0.03184305348722635,1.2,0.06118627744371627,24.799593341196363,47.10996420000922,0.9982745394764534,3.151332621811705,0.55668905911024,11.347204987142003,7
7.558709070995206,0.429997517369373,0.2742655783327556,5.5236349649253995,0.047735716727584226,18.190192327925843,130.91619058914068,0.9984803507896768,3.341511206740931,0.6531505021213434,11.403263829483114,6
8.780323994381549,0.29575816516959574,0.21953185386169782,1.2,0.012,1.441902628423117,39.59403367254807,0.9961980112023671,3.4115972602857165,0.4358790869024274,8.856573730053427,5
7.09665044953659,0.6172003889502089,0.4669379608658426,1.7946250445572471,0.09276035754490933,26.782042163270713,58.07472833506719,0.9966899912243603,2.992083791539558,0.8401828765226075,11.758130325315685,7
6.971088714959654,0.6130999330480454,0.16290029415698748,3.2849135274102848,0.10824857255718232,14.546501187910962,21.85287765487369,0.9974707624686798,3.228047126923857,0.8833895218853736,10.946459561926098,6
9.795307399576823,0.3874023968867555,0.34890179003152205,1.2,0.024790076271015135,13.084711555312598,75.1406193659585,0.9955478366517309,3.3158021355251224,0.7796981554834103,10.804476743103436,6
9.332122871332151,0.12746077490345392,0.04746892705831879,1.202129871304533,0.15375785285733246,11.25199166324601,56.65683516897735,0.9922099597840217,3.145717796578562,0.6869704256979696,10.852094414445515,5
10.528970106740779,0.6039371941236592,0.7020487973486682,1.2,0.04835023284642197,12.021682001253449,35.34795112791224,0.9974532872460948,3.346372359915875,0.6518555884725086,8.4,7
6.170598678978658,0.49637538957301963,0.22447745831579535,2.0656905898503717,0.012,18.31117080827517,17.796786556004808,0.9985265963272949,3.2918542234906387,0.39242007436945514,10.17538240099057,7
7.445813772251952,0.5904928102266205,0.2716650621282198,4.490215999341744,0.15725667629493933,5.5304100507643295,6.0,0.9968048833322108,3.2409170442966904,0.4276939179203131,9.365764325087204,4
8.778005255858071,0.882291416055135,0.584403328181603,2.523555092802935,0.012,1.0,60.27570898701363,0.9955677758624553,3.1768682917894777,0.785584325529375,9.211643526468086,6
6.726444555383578,0.5251702681323693,0.15853217288201024,1.8517104780723754,0.13231640234902098,4.723111839453974,6.0,0.9960716773236588,3.3521047996215607,0.627268234234638,9.877970967269855,6
9.390868643162905,0.4375090489683011,0.5868026451583372,1.2,0.12089261748116506,19.908037433820372,89.54880016668537,0.9928462812229003,3.1924229057941016,0.42693178786552555,11.283233801335841,7
10.381866048284765,0.3234820458232988,0.19182047691378748,3.1534572867740107,0.10201904275733421,14.199649461085754,6.0,0.9960668706240114,3.0431158765723336,0.419092123992162,10.70729680732389,6
7.3082914472135085,0.4737640775308912,0.39762265492603927,3.6060215725694507,0.062429577433821506,27.588527808058267,40.63146514488783,0.994581338866557,3.313403295826844,0.7659351966063215,10.868097890931127,7
8.365606298385957,0.5589039229308155,0.16119048836973326,1.2,0.11063147284270212,15.21841630617728,17.497292148770896,0.9953706809180718,3.1191904179122814,0.8065756609253913,9.922423907047255,6
10.7745517731379,0.5395953357077768,0.01235307542250047,2.4062386963884697,0.1362787890641139,24.74638763648006,47.57537711302917,0.9944852017800642,3.0564857697416787,0.39723370955884013,10.80263862373444,7
11.3587616775323,0.8402237612120785,0.348772926602717,2.7702114664648656,0.040666906665652765,8.625446615474038,47.372086201447516,0.9942661428745668,3.3299464000535623,0.6838506520560778,10.18701691158538,5
9.567862126802687,0.6198354017838696,0.39158164618687125,3.850442460225171,0.1328895626300357,11.331006801276697,61.13401863484402,0.994792186392959,3.2849119899319588,0.7239409119035807,11.415562240279419,6
9.308829594429136,0.5057358431287022,0.019981708958014655,1.4853241584563366,0.13075110206105045,16.00000365830288,6.0,0.9979023554086073,3.176584160953069,0.558777722258079,11.144355712400047,5
6.84864789103565,0.40281909580997494,0.21165891940734471,1.274495494481284,0.10077340127331309,14.356741688505053,21.37418251301231,0.9957313995149766,3.3452567975600265,0.8687546623563658,10.57100485631805,7
8.91065598077833,0.5780010974809977,0.4981442026920123,1.8609037821442937,0.061715180730187696,13.376167167856586,78.43101114290732,0.9945949420702298,3.3752855759884866,0.5993921569946228,9.542616221822023,7
9.246595429317498,0.36673853149112134,0.38402260065135596,4.298211873888337,0.13096649614789246,6.7427971986639275,68.16634770593195,0.9981326267356495,3.3469335948402303,0.3661342211145872,10.692099197804781,6
7.942370730446223,0.5623695943168232,0.19490914966103037,3.9613836190417375,0.1108907089396386,1.0,6.0,0.9969450470048427,3.34134281230309,0.6249109680212313,10.659424392628763,7
7.288880367255375,0.6177345068428718,0.15647011668945343,2.470116576958621,0.03924989582985533,22.52567400587919,58.91085339897043,0.9922090354739922,3.06277101383279,0.8905547983442841,10.52768736616716,7
6.121793955089347,0.49103859990113946,0.6401664217756076,3.9276871380636034,0.06973427698789234,21.352233720755972,12.531902290649427,0.998591686250286,3.5091585060618393,0.5992726929049518,9.890826522443998,6
5.345859416412804,0.4165484400682745,0.0,1.2,0.12549558210577288,9.454373157725968,27.02902735639609,0.9968369394450592,3.395850461326148,0.4800306545279952,9.699640080246452,6
4.988598027354024,0.13664656747971698,0.2587522708623655,3.6083158885309357,0.09238528900373968,19.87827977192978,39.020922377358346,0.9981637104652408,3.163578198545953,0.7647953620053777,10.744936327708515,6
9.285052373874345,0.7358906107556704,0.0,1.2,0.13804119603893028,14.152316900565657,97.73813618667401,0.9962720775571142,3.3081892590073423,0.7019282916408877,9.482266705312139,5
8.551088852885522,0.6025940702441507,0.5198147825204135,4.973834292154207,0.07094260530452537,27.51480339381947,12.195255237869887,0.999748912196774,3.3374568049333515,0.6575016928539309,10.13060580546658,7
7.477521076380136,0.6069711106852609,0.26864651368041603,1.2,0.040004921264339285,2.12127427008363,6.0,0.9959744115774273,3.3039416467871865,0.7391111428639447,11.02794869136842,7
7.736524293868115,0.24895657956008604,0.3038530761061926,1.3061329686728975,0.19009932293367332,14.569373413591084,61.31548940108581,0.9916919059579249,3.5861313927388143,0.540412757955989,10.872392202008577,7
8.657799920601825,0.7783709659532103,0.7960895388292457,3.2873932221836495,0.012,13.731259288286086,45.5782202252114,0.9950101964941728,3.0104312386679677,0.5559966711188267,9.161723977899547,6
8.020242779285391,0.4462609640087456,0.1572401916100853,3.422535788693451,0.06350753892212178,17.591717567989868,86.21040655495884,0.9976540643456722,3.08266559413129,0.781678432956025,10.719421434717626,6
6.021059593993493,0.4780168455140925,0.6022294236711214,1.8751350897259411,0.10014815603289925,32.0399470142589,34.891764497490335,0.9970022643991033,2.9559638807689415,0.4937139959136825,12.57411310017228,7
9.85210037446631,0.33752836602461145,0.1957609362624442,3.019965648192243,0.13334594289945242,14.600969713545894,86.33588782741674,0.9964672229442949,3.3223009123576146,0.9325340074152098,11.122887202188823,7
8.817014490138677,0.20834976835882735,0.22563263305886933,3.1935317414598816,0.11738312032148626,23.70288788851111,47.03523686493136,0.9948258664645365,3.3937783004991875,0.8669927612089693,10.106190577260389,7
8.752027415683543,0.738322336110242,0.7712532987579139,3.0503605184812477,0.19562917323231532,14.347929216704406,63.9078870717464,0.9967349964537544,3.3656862512584076,0.4635002479339985,11.799019266117963,7
9.723856595709234,0.7615875264915725,0.23939282832028208,1.933623115418246,0.08147287272506781,27.144585905433168,99.92774072283522,0.9966726863350727,3.2654748582951867,0.9088876397241769,12.753131200541322,7
6.916802894698554,0.5002049327564011,0.00886943318390293,3.2072954337199664,0.045969786716525234,23.804907477602846,40.99754393408121,0.9966531667682471,3.372607205237805,0.6838729425661845,11.323791470627038,5
10.363343444133932,0.407710777434857,0.32356456974399933,4.468918567023091,0.07667428686182687,12.400192557665958,80.86951915372089,0.9977215732245837,3.2643467747518993,0.8934138762526094,8.547234020735248,5
8.061927151698196,0.46213204955583354,0.2371800032182692,1.2,0.07196110312050184,11.644338861564897,26.312606989819535,0.9970453609012293,3.4240717551793267,0.6806825754910872,11.059989994250298,7
9.810618096562488,0.46706930179360107,0.3397482099294335,1.3239159502414715,0.08379012807736344,21.013086714011624,53.98603158318634,0.996220638215831,3.480523315637384,0.6278785711771744,11.843202756438977,7
9.548563356929014,0.31402525000767234,0.24461641926772382,2.5381578853048112,0.040823058223733846,9.01823658415162,6.0,0.9947951267850047,3.1665970430021546,0.6101512602416111,8.4,4
6.5340368923956555,0.4773940612201088,0.6909534770789052,1.2,0.12385063379776676,17.901642254127715,29.907873020583306,0.9992839910140687,3.2657038310003,0.33,11.402713593543158,5
9.154930688354032,0.5575583587281786,0.3757798093788278,1.2,0.10442901983880182,12.164135931736286,11.690639983567046,1.0004650426650377,3.2906475306680316,0.8156075041913724,10.182659742188424,7
8.854666940439365,0.7132683045767754,0.0657567207320946,4.030372166234739,0.027597601033516772,19.765077805646534,86.66276064708086,1.0000139986629248,3.5295167250475634,0.5377929004010438,11.807519154187183,3
8.351529817740383,0.5325639495224682,0.29366389238453233,1.2,0.13249717856591745,14.209315455544596,103.70646607528357,0.998028253684814,3.18472992337516,0.8211700719662028,10.323863045978571,5
8.139568024939853,0.2462566923981016,0.11807033340826262,1.9366642234659306,0.048860367761728266,8.627897637400105,34.83030603147915,0.9935173464791227,3.4790400729858764,0.9425728786432297,10.767251519027194,6
8.153981475479755,0.5936386153757618,0.2229343699244388,3.5625220476621386,0.03140767139169841,27.505722527737923,21.067043799004114,0.9932850635419268,3.0842268107586666,0.5598153058310881,10.785192124180123,7
9.681572023594793,0.48393249889944445,0.0970162649923037,2.8733797053029013,0.0911044490843175,18.415340491055506,6.0,0.9956579965106567,3.501506022569062,0.5497750044395009,11.164098436166338,7
9.282447873445568,0.776673744917096,0.6703525194091444,1.9578508876294667,0.012,15.337353559151964,55.203411273758,0.9965959720438266,3.441190045044065,0.82932490709374,10.87840132892504,6
8.351814045451631,0.7873024043679213,0.1386369231161379,1.2,0.11470664334423065,20.309881824818447,26.68477893140929,0.9965179285465593,3.2860287391033554,0.5785170868599245,9.437966068106018,7
5.763708550998664,0.793601776208114,0.40063722687888603,2.981414938407112,0.012,1.0,28.44723236964199,0.9970681284820841,3.4511677516244665,0.8819318098251069,10.118456756152334,6
9.140553803942153,0.42891417163280976,0.20853890984344084,1.2,0.03861995357053402,37.84694066004363,100.11346551351065,0.994054351599644,3.2328551572717266,0.5404965734530186,10.392958914955072,6
9.530143152602225,0.8881739132007603,0.049901497211169876,2.8723056208455673,0.16103145409113184,16.159221520799413,36.74848436413061,0.9997540967594546,3.167886805702705,0.9024958319678354,11.716482763212499,7
12.21069714525985,0.5931696508812273,0.3075533675509063,2.697284707528659,0.05472701716885403,1.0,65.80077086414224,0.9995599535098723,3.5727952181850084,0.6060247216227702,10.918228218341895,7
10.128236207278565,0.8227484730203539,0.3461314490462843,2.71144607267719,0.06295549535530398,28.46949252571904,48.24241985819074,0.9942084276053522,3.226658102201847,0.7141421751869541,9.696378397949909,7
5.071400140543706,0.4395284695102833,0.3761390412233577,1.6035537371488182,0.14686225754413057,8.010420721829817,6.0,0.993163067296493,3.4142583691863155,0.8249837786046668,9.4159260089254,7
8.433329978331694,0.47625258723026725,0.0,5.349012753068704,0.04973541056160102,26.858990209399373,6.0,0.9965294838615714,3.480761578537043,0.7449555098524899,11.10057952450277,6
11.379337548730469,0.5793249234809754,0.0353793144028727,3.001489287418525,0.1228815945253054,17.176458620982814,62.53947573108781,0.9990979719424491,3.4341751309350754,0.8400122048089074,9.891938550894793,5
9.360033056732783,0.5573379697305092,0.4519353966141581,2.109807506092494,0.1421868437577881,1.0,102.56523613651785,0.9966388569262549,3.4022878373144034,0.4104824573323772,11.205917787640749,6
8.858708672634457,0.7558661498244506,0.09451467710432954,2.8699788022865262,0.10949092476504546,18.643247940354435,56.86308991533447,0.997193915082434,3.4147471163297447,0.5887756665034014,10.340308737209487,6
9.830388720155902,0.48821672266127825,0.30855936955892116,1.4157536985059658,0.019089825820679793,17.870949205343212,67.03256702675806,0.995864548035171,3.472847783472866,0.6687504017017509,11.96231331968515,6
7.241957068515635,0.7396306982558641,0.030975307906530775,1.9591737021309312,0.058612664616853806,27.993600428562168,16.7351625462377,0.9969779301832417,3.3589291471919918,0.5278618555365913,9.61139301290977,7
9.112752994266677,0.6618022112838776,0.4090042094101036,5.848687904967324,0.21454012954386287,21.382720639078382,79.890023853873,0.9984945065511772,3.3038951200041833,0.8230333742271143,11.939476530292998,6
7.874204333713753,0.49158940065071327,0.4469412232391591,1.425666870980768,0.06394538833101605,2.8861777059215417,79.48239656561907,0.9974830074897608,3.099183154267708,0.5709176959790236,11.452319791401942,7
8.266640074122193,0.6478417911468164,0.40906288217274966,2.3911182196298175,0.22735748065209213,26.423827362494386,23.595070261192518,0.9977934665827377,3.3589915368055494,0.5282095691086504,9.928775591870162,7
9.708372676681682,0.44481229157005125,0.46618579434718355,1.8614532103503276,0.167321310445405,11.552323455596614,64.4439486591099,0.993539854489445,3.468364110051514,0.8178776183236135,9.460183904948304,7
6.724587725763293,0.9530370440010298,0.5671410275309112,1.2,0.11139626835049436,33.96278574297682,6.0,1.0007627364012717,3.1404887812518223,0.48027273366041523,12.462626220445173,6
10.489570205463295,0.12,0.046925914994294826,3.089518986307729,0.10097001080738326,12.17481118282125,70.31670370637066,0.993562617698129,3.2747252647901797,0.4885578702759199,9.434187370815344,6
7.581219666154577,0.6511297768091071,0.12015233308124112,2.551061047315893,0.06515330230902623,13.681440743170814,27.667461427836496,0.9969972018387993,3.375507458447044,0.7444069933023165,10.727829596794432,6
8.743126816355693,0.21237273633013154,0.44053327835772105,3.7754382325998987,0.08282110822753727,7.269836507975599,6.127451395660323,0.9964141492821222,3.5429043327951755,0.8864496430231814,10.769531840985922,6
5.9191364675325975,0.48938179342074767,0.48474175664912145,3.634809088462007,0.05462996464335915,10.664720625421172,59.74685458503692,0.9964968776688277,3.131580349737865,0.6854854148705085,10.41070475695023,7
9.523723394481365,0.5145905438951758,0.14187483882133417,3.760990806658794,0.08400955902047866,7.889122825012793,6.0,0.9983526687946525,3.432191683280503,0.38330649791549765,11.23603748012531,6
10.759056691109183,0.8013740406044632,0.12866164758813903,1.2145152780086088,0.0229768401050153,28.252712666345857,57.76540680727784,0.9953551594781064,3.254900816093955,0.7744389396982025,9.404289342700372,4
7.425109366329151,0.4054126018261598,0.14607943691320394,3.3973451188843344,0.02045876238637627,1.9191628546782464,9.248016637972917,0.9958778555069195,3.206260583229701,0.5572582917289373,12.468379791510547,7
6.412620242933681,0.7654421448191201,0.0,3.431380108806132,0.14814773614477134,24.348086175245243,6.0,0.9945214501269435,3.1686267271723363,0.8485289677696464,9.517765147790232,6
8.772571210062605,0.3178130047595366,0.02843187538692568,1.2,0.012,24.600931275936183,48.46916242939161,0.9988321018157887,3.209046449485115,0.593458889854433,10.245991279102807,7
10.773178096485964,0.772400550275876,0.03301439744427087,2.053937260881865,0.12864849321422417,30.364248990939032,40.82306362776085,0.9972055623000274,3.3868623920649084,0.8524707469661531,8.861150713366674,7
5.8352438386824605,0.4446178204573749,0.21412128997692967,1.2,0.012,16.35949604861932,94.42837294087767,0.9979107143735751,3.27492322345843,0.586972432330676,11.519341023256905,7
6.4192760919118195,0.5432182134634014,0.3214589380084514,3.4374716853323974,0.1165929673422027,5.119715540220026,6.0,0.9982427693200047,3.4199925700306832,0.5409155060102522,12.420278640329396,6
7.527877750870424,0.4694518406401273,0.35235983801205073,3.4310314572215628,0.07724353577827713,14.096540502720401,91.73929275931891,1.0004836842451663,3.1372352779703867,0.332014014766343,12.548711871667058,4
6.905415498297819,0.7608254253408087,0.17337317187762064,4.502507918765698,0.14910186153176,22.144334564798527,9.071492519540783,1.0001521970678913,3.417337553850165,0.5458694443393154,11.614151507969876,7
6.910784706764709,0.7257931717820746,0.17804244790663304,2.179682089059916,0.07139626043263642,16.78966435425145,76.74965550038382,0.997313779085196,3.3768041843729275,0.6881359259264358,10.002877977658287,6
4.73999493297158,0.6098303097052145,0.29349568407873966,3.132057421189315,0.012,19.750641397951036,82.890444001876,0.9970001291257307,3.0777993475332646,0.6750755644661628,10.401839795510666,7
9.301396810589976,0.32266369077438073,0.0,3.8828291414354315,0.07816229456332659,30.235504426859347,57.07599405581145,0.9956889304470725,3.5419599182511208,0.7619780835347176,10.054492242815694,7
8.875824854878381,0.40129606375455634,0.4522937010957869,1.444551860023432,0.09450404658075247,22.01103522150047,20.477617330286176,0.9981138997798998,3.362345359168521,0.8695050586187562,9.101928764588743,7
5.411956360333804,0.3448562254088975,0.5142232030127114,1.2316488021552212,0.0807970508245059,17.98363604957398,6.0,0.9980435146220279,3.427876332302205,0.662873311862671,10.083835614056527,6
10.77723279192562,0.12533428037741062,0.15113967883927243,1.4879607184933692,0.11403006758651921,1.0,6.0,0.9953141564646967,3.4880449052914284,0.6695141669147415,11.37237478372244,6
11.15785693538183,0.7570372583330084,0.19429712972373198,2.0109863445126903,0.06047375936083099,7.669568861125471,107.44037238893212,0.9980675876081679,3.459129775618436,0.8471903230120568,9.47232709797137,7
7.0234605653738065,0.4709917652583146,0.5062293227205823,1.2812239020953855,0.027620051360356494,11.65091125896102,36.73347399621819,0.9986158735380186,3.2905802278500436,0.6972726204779608,8.4,6
10.28313260466091,0.4690710864273865,0.24662019771191912,1.548241206054287,0.040016502437231476,1.0,10.15643767976475,0.9945688714163958,3.421674660544124,0.5010631837226934,9.059286448296875,6
7.3259037315153925,0.7992984020166007,0.38176663473080963,3.733281236646543,0.06275893480711173,4.252679842094745,8.890016061281358,0.9970608365447482,3.031253359130685,0.5692376586089765,11.275493170703845,6
8.607898067358803,0.44432205157045385,0.25246197517785296,2.3651147159079904,0.06235561503632736,13.081248107433977,52.02267274966242,0.9965751150057304,3.3706400013148223,0.33,8.56152183176565,7
6.879204370464455,0.3787152315765325,0.5656984038112521,2.9293777231232103,0.2000877508261537,14.78996074063848,33.509365791425395,0.9966897656374333,3.5768026911851263,0.4987546495979772,9.894968375293033,7
12.064227589885869,0.4895457883073028,0.3631151293677842,1.7289964966339948,0.14598995457940495,21.211007789258424,6.0,0.994889958864141,3.2029118703155004,0.37064576560087586,9.989524532756239,6
7.796770713539174,0.3261195706621587,0.3740545966646466,1.6370883991447238,0.11927533260438258,13.744427762460372,74.94338802534747,0.9932295440576545,3.450979842245914,0.7176701962182245,10.67606106750636,5
8.514963338799888,0.5919840384718321,0.3775982423593815,2.899778245356556,0.10796258800424127,18.50442675040595,57.520958975881726,0.9952647090295268,3.5830395132229413,0.863960136091545,10.65102717993696,7
7.1305064413114945,0.46274082591244936,0.16452839009773468,2.6764872592047673,0.1010892950733004,11.513210784669814,107.03307187265625,0.9949986292039331,3.416137857925958,0.498055691724971,10.82823367819738,8
11.464236515301872,0.43869114609311377,0.18198456398471832,3.5891813496312968,0.10133502562485723,16.341138910311486,84.03203862454433,0.997371123828339,3.4679126356718664,0.5043821581893,10.240913374907569,5
11.507244898351999,0.4230974290363456,0.41615667151639524,4.32223019720559,0.09467444449476621,20.63521451289293,6.0,0.9974020749210012,3.06830124223002,0.8183341835011099,9.389353480261748,6
11.072579608146999,0.510880131108438,0.2940184375923873,1.5320229140130333,0.08888559687451919,31.362617631962106,93.11844373925582,0.9972939252372918,3.1660216914584183,0.5813491910485347,11.364500236472681,7
9.925948592190958,0.5450266025935732,0.046253908515763165,3.7056583528692935,0.012,10.496250514937264,86.22646210113228,0.9940462117208666,3.5301792309932707,0.7016470343767202,8.512815452158918,7
7.237857770212111,0.4364044840866461,0.6258898406787083,1.2,0.0696510181655928,17.413910910843757,22.273336447487598,0.994572839088504,3.457893923462973,0.784332655122222,11.235945194365996,7
9.707345163136111,0.4654221315028736,0.455833654786449,5.403290155924597,0.07570586215803235,25.025839140791035,32.26825759065069,0.9955283218983514,3.386387243782272,0.5376268975992049,11.624179183159185,7
8.288027241827951,0.5153258911725173,0.2771490015305536,1.3991743256063398,0.051798264428307865,1.0,60.04575602823685,0.9967439717238753,3.2692498132558594,0.540927991934449,12.900318705806747,6
10.531094656962475,0.49716473560288305,0.21803481345800665,3.4668827976594634,0.06086344399724628,36.877174312784874,13.132326210584353,0.9960632956638767,3.3538316413207094,0.5719144455355946,9.593014432889195,6
10.197033490721115,0.5355936740375026,0.30774841293071575,1.2,0.10113520380749738,28.279822902215447,38.51422023579788,0.9972902142891731,3.5776746007822253,0.3938952720988669,9.800595436678494,7
7.196248517270929,0.40819925541535756,0.3683288188399112,2.2870727593944817,0.12307673361664809,1.0,79.40123196767254,0.9985533936018013,3.294307034746584,0.7407350366317673,10.457060923458899,7
9.911303864823267,0.7108267236427683,0.0,4.664026399014922,0.10106411371016671,19.799509336836117,63.53324819590364,0.99480134176551,3.4176846676796298,0.7601477153329963,10.377247464347002,7
9.459458565074675,0.5474290719337132,0.6713464448022932,1.3552141872194983,0.12189487921640693,9.973238944426786,24.56278126565877,0.9948735860516141,3.4136389139123327,0.6715470928456043,11.293046805005176,7
4.6,0.43930758449152213,0.11992198125828524,5.585860635040712,0.12272507744829045,11.727845664859833,80.1488223134963,0.9969571839735752,3.2074589579067174,0.8891450452053314,10.959036605607404,6
9.661592287370087,0.5919891591281363,0.2696379297321362,2.492614164047336,0.07291383710419087,19.5802657166321,56.465254137662434,0.9965441417910126,3.219342564900348,0.6135984958043411,10.023486073669718,6
7.5659471593116505,0.5166136522126314,0.27662470772803777,3.865997553175732,0.11168945073760107,26.92919512668161,55.34040940195214,0.9981123907668632,3.5451600422288028,0.7629902837992295,10.295048608735991,7
6.793727827636156,0.21791125619293977,0.6494015415508818,3.0641224029050447,0.012,11.008334107180504,29.558725257918386,0.9967143956535783,3.3978000116097484,0.7405918521500727,11.398653239577534,7
6.866456972700639,0.5913714842398927,0.25325647020872805,3.139856091834914,0.06893671433763769,11.149293839272126,46.28488191329444,1.000006990336691,3.2052272366586196,0.5221509728246918,9.045170376338877,7
8.070087077425548,0.34648888357084634,0.5718163859271896,1.2,0.0634129752950839,19.80775100484414,21.03239025470948,0.9936830379391635,3.2620629902825513,0.8543273130037308,10.149942269526989,7
9.116101286147362,0.6981970009816354,0.34727821919761165,1.8380060898307353,0.1589723597087689,21.90554138071125,6.0,0.9982964120339318,3.1582194756165802,0.6797897824140154,10.993553933836486,7
5.978714562273295,0.48648506499917954,0.08724187618086965,4.174367047477185,0.102843102758483,5.325120596057154,37.294837748503426,0.9970787197725999,3.4742412555138804,0.8236835489417691,9.258664450581007,6
8.62274132156119,0.6704126535303915,0.29559441893953287,2.017950317522004,0.02428065818581293,33.99856546776552,42.48119110348112,0.9940342979726478,3.2712279086311633,0.43684131677011,8.4,6
9.280488712528223,0.41656066042443074,0.24748334287416668,2.6943649158049388,0.11494543882445118,9.145199564821873,51.01680084514419,0.9927708773540298,3.2732793672589673,0.6766580782168469,11.947836805246911,5
11.465069832238374,0.5425872680853152,0.0640266078681965,1.2,0.12975981721975466,26.029079516707412,86.37988628632348,0.9945624637734968,3.439501470025687,0.5796991100444571,10.37809367389286,6
6.46962671231728,0.7478438300912378,0.3379673261997259,1.747392282598958,0.08278579568763719,20.64289882385211,25.03982860849124,0.9989972666517982,3.0513683006147545,0.5132532314254651,9.054403385049461,4
7.705659282477734,0.48157702164533195,0.2741995224714726,4.072255016684052,0.11944202866877174,22.266401181087016,34.400959084365724,0.9987809399562639,3.30431696252777,0.8976146766574663,11.384848654545472,6
8.744827053584014,0.42365292222755513,0.3757201240371227,1.2,0.012,9.348510129466687,71.70724296173809,0.9964555602784898,3.3083212156466955,0.691200431512665,10.177110272042418,6
10.250595861325731,0.6479073104807221,0.3067370281236798,3.5039106517946297,0.012,1.0,21.742022430257286,0.9960116813313641,3.266016288322087,0.40691529353230343,9.292748069225189,6
7.782819402007917,0.644419087415173,0.14629044956732667,2.74888939401898,0.03160254589401646,15.675284271953421,51.55835949779893,0.9950734157064197,3.225371179018996,0.5734577725617985,10.79560975290632,7
10.337690332384788,0.4312251559853326,0.41598345853515983,2.16966231956755,0.09400486592937488,15.718558571356391,33.06752175373268,0.9963439602932227,3.2006509052804417,0.8176388271492854,10.455161904965966,4
5.006484061990019,0.1726170163248028,0.15136432675182,2.10810564074919,0.15901169717160168,5.840769969304477,38.48475780879407,0.9957990927975532,3.353497375346847,0.5130107043213877,9.743887968605481,4
6.169308071692795,0.42019586405029596,0.0,1.8125584226908176,0.03405789862251047,25.538403511402166,71.44296685503127,0.9999488898968992,3.1544466853356306,0.4956524899111939,9.576514343560806,7
8.892695385368176,0.651924713903556,0.2944440601113012,1.9372406391202524,0.04687716181046695,15.358940899042373,34.21339445824351,0.9943505443597175,3.334822478026786,0.6330024247252184,9.302030651977248,6
5.901598353250613,0.3904938459037297,0.16472599182554198,3.80163631473562,0.09116450036406318,7.404737049604252,72.51547783819056,0.9974456316377449,3.224852639490897,0.7377823247113822,11.187040784963838,5
6.303400104496582,0.5280311893370848,0.34260479583536063,1.8951386600573161,0.06386101663598534,22.043249116032854,6.0,1.0000384355489091,3.2350935499468862,0.5341937045767969,9.064258568848492,6
7.402779330781904,0.4116527111660581,0.6497856298285458,5.03062645106923,0.061188033843049286,22.322010011683457,6.0,0.9981717073500627,3.340336638041986,0.7244226339069272,9.546667958887461,7
9.611446286256902,0.18220991074531112,0.655270541698131,2.9193455042604968,0.06719068264072925,8.378346639073047,6.0,0.9945638742633042,3.233371025324794,0.6639265699389474,10.508235095328534,6
5.076859769777609,0.408413388132813,0.23862664477785045,1.6932332993604187,0.14879505910139382,28.8506152902985,8.146146695206795,0.9937695726245802,3.5051248780295077,0.6845940974510828,11.961005117428392,7
8.58950721567607,0.6511637637241483,0.11296211746324944,3.86271233347986,0.13945831157069172,39.45406161391872,107.59015650773776,0.9972213622895995,3.288429831953243,0.33,10.542202985582202,5
10.05603871015977,0.12,0.3810898235644052,3.373454320307207,0.08810305814775295,4.454679797526717,45.9230686043144,0.9969859940905805,3.471183847569634,0.660705543718614,11.029345374231452,5
7.968593145670772,0.5753901230856037,0.19965713754539266,1.2,0.16476057287422324,13.971213353045774,22.76913950994967,0.9990415772847687,3.1926631120156403,0.6153825884465849,10.5093636297232,6
7.672988609692682,0.31650753834810563,0.34443753924591913,1.2,0.11092433264119483,19.438602909439403,72.25434454225073,0.9977420509125005,3.1892483884807525,0.7243592873123118,11.369887448687296,6
8.983011180349576,0.6395195725053546,0.1444364551768977,2.3384115783166224,0.14123302432330906,39.84273241813874,76.89996378376097,0.9957788041440792,3.0538894507084002,0.5468534288350669,12.473192110818268,7
7.973411210373553,0.6585774084572575,0.31763155904432294,1.2,0.04655431109021444,8.195338530522523,6.334106917342893,0.995649842015645,3.2342077334820263,0.5949392646847146,9.931633634336073,7
10.66384962810927,0.49904937171597036,0.11572491106423952,5.426741862760258,0.05627717847384127,6.034362869755142,128.6907838813483,0.99421830036909,3.2741786909396544,0.7486276137059072,10.41502367526839,7
6.410597879371461,0.49945973141938005,0.4950081490459787,3.6511250548550778,0.05577403229968947,5.96259895351011,55.59128473473473,0.9969457922427316,3.3218623152102644,0.9037720790641957,10.58567498796391,6
8.212204936219356,0.3848547145154658,0.15790423875700366,2.4813340141489535,0.08292405429034949,28.724947730615497,59.73738042014783,0.9940315483234168,3.4173920146742622,0.43282257732873003,10.966896770281494,6
8.649666837433164,0.28779498798110614,0.39560948178964417,2.0202108249414312,0.08981592214328928,8.467771578543681,62.858970679673654,0.9984289816604296,3.4062184899783032,0.7452350246629132,10.541684024912389,7
7.6566281118610195,0.835656723140072,0.029694216194751405,1.6604708838974016,0.1022363335040588,6.973590871465007,62.79003592451251,0.9978193949013159,3.4848887552219203,0.8653886058412024,9.818197011908461,6
4.6,0.37428714310919703,0.4184230327560313,1.2,0.1797359287998495,18.325156951299117,26.053524984893684,0.9977591664008981,3.1733555894764254,0.7760998449793979,10.392407430257329,6
8.026461656316373,0.8122033036153651,0.08638702683904192,1.2,0.12090007207470527,19.136323771631794,116.00188467267618,0.9941885284876792,3.314746927481845,0.8539312917561555,13.001889406508623,5
9.830300877751194,0.3752899928359682,0.3196235933251568,5.16156902377465,0.06280479012351613,27.145714957184776,37.117300102133605,0.9964150695378907,3.155974197076893,0.565601301999336,10.735855636172653,4
9.62278561641423,0.6245342702607911,0.46440818493611746,4.703039494925619,0.08684610418437629,16.865223388575878,78.00233488446543,0.9959603193205683,3.3737921005724356,0.8682512212153752,8.4,7
8.90312341968934,0.3251947112623458,0.23200324927421195,1.6939111431063434,0.15773228288841462,18.513787112582804,30.874650928920946,0.996895332130473,3.5878552911099955,0.5348414313987965,9.977463442048675,7
6.433633990806321,0.6242111030423627,0.07445828695827272,3.7711988186554404,0.12374835260239372,14.794658536417348,25.040432047900953,0.9977041744735313,3.125750056414414,0.6673717949118896,10.414332788801119,7
8.972026086179422,0.4713942757124381,0.36439437635582506,3.2089890849958436,0.1571137616809308,2.2047773029726585,109.07134577595757,0.9957241656041729,3.4158823480516687,0.57259357288759,10.249585347884066,6
7.325155703378196,0.47374709107837937,0.11021353419255589,3.3740031393083787,0.06431388660857457,13.804150940181364,42.93459289524016,0.9957956313037821,3.471490669204579,0.5794268188452973,10.326770945357437,6
8.900920940112734,0.6398041705612011,0.19319333615252654,1.2,0.053551907686913626,16.559752515653077,45.37787308744399,0.9979918628894171,3.172519892460259,0.3653698255770124,10.706305706241467,5
8.506558519382917,0.4455545542857624,0.3204379053041882,1.2,0.05423889903610714,11.239853463241015,55.83100606111483,0.994553950070712,3.3771945420150957,0.33,10.944214379339773,6
6.640162038818269,0.27293327081988245,0.5285284468604641,4.155632102697845,0.06810663491660164,1.0,132.09824850645438,0.9952813432708008,3.254570291591947,0.8580531749696347,10.676954954493215,6
6.782825073093265,0.6670350014137014,0.2750451372218991,1.2,0.0370256985407868,3.982600088508242,117.85224242461494,0.9967110899808647,3.2913404525083374,0.35216985716406074,11.417168263332078,7
8.903538172516578,0.32373789380318096,0.2743429268705735,2.2925290420644786,0.10087407390029574,15.486496372100943,88.73644781391793,0.9984094687087561,3.249470008034673,0.7005752408977121,8.799975899969152,7
7.924107738009548,0.6229731111916238,0.41012744978834176,1.9852167432950982,0.1016822004403473,25.693907507005235,140.38418297216077,0.9948593279970229,3.275369191795305,0.4371639418348545,10.129656779190563,6
6.871521567882882,0.7051393781599401,0.27957066036786943,1.8557886536530281,0.14992256460978992,33.563983009293764,15.423425914602106,1.0001004280802333,3.4879515855590486,0.5137457759675158,10.864665977983815,7
6.7311886774643845,0.4624111004566009,0.39075073796825066,2.9402311512069197,0.012,13.96977890663872,68.07858329374672,0.9941337407537854,3.2978122645561414,0.7743314393035394,10.674094431028523,7
7.783487558423434,0.7428235119365212,0.47492137375196,1.551370598310168,0.04262600484626624,8.372820157519019,48.99457442925642,0.9996455297657493,3.217342946725454,0.6855457789140651,9.702039637190818,6
10.965778151020958,0.6167210674150312,0.20772994144908014,3.054029647451067,0.12486228230294416,11.98865026539505,6.0,0.9989792212830875,3.320625624419023,0.636386129486361,9.830872625136285,7
7.405667345239671,0.40474494437394043,0.0,2.6976175805676728,0.09562323657944365,4.9126400199660285,61.73588901883821,0.9939828069747255,2.9831914544481317,0.8525912172721961,9.49935717324365,6
8.2761667849621,0.7822572204078935,0.11459385221876142,5.438225295670595,0.08910571545023316,24.17132818377003,30.351808810827787,0.9935988136597551,3.1841980024205667,0.6087553426338674,11.445033149892483,6
8.472795289072169,0.32449907208690976,0.4996495820587076,1.2,0.14640113047577566,38.344922108481846,96.95217766825218,0.9980677419208097,3.5022830349824003,0.867096168278957,8.418249517658762,6
6.377255134463698,0.46219392261735825,0.26358469153444575,2.540976577466757,0.03953215247422048,8.628383714272472,33.50378065997768,0.9959829377484026,3.2876168215688883,0.47619452231275533,9.028759211203337,7
5.303184777467418,0.49286333534852084,0.2055652485236992,3.1038831398288687,0.052749718545260935,3.383563786299714,31.63275421256848,0.9947868006057436,3.2363827620547108,0.45573559017732,10.847947279650429,4
6.554710750949258,0.638940266183286,0.49168914870860947,2.1410364222547855,0.04721394331115028,26.468074964897987,96.93796437050793,1.0001422322970648,3.3366373504251974,0.6345114151324172,10.981197453049672,5
8.720031542270716,0.7307779935286043,0.2507482659163198,1.2,0.012,19.23954125587908,44.34656410991056,0.9944315853636209,3.423439469666688,0.6585569042075069,8.704669392850494,5
8.448462798456196,0.7195024802424884,0.0,4.259943892917272,0.09324242407056446,19.416754771902625,84.75867612428142,0.9953188166646132,3.5146261802352843,0.5120740205848883,11.070290532985716,5
9.494091167556812,0.5702746975233751,0.0,2.9717080622016727,0.06242592840929451,32.575826245795014,60.46142557347653,0.9955440432051142,3.2405419777332276,0.6110620738509214,10.593139958261323,7
8.464474821430498,0.479551561196558,0.34954312395521214,1.2,0.052553662000886445,1.5518936333286533,60.90268107688425,0.9913810472278707,3.24408503462086,0.8900100083254514,10.951759201283185,7
8.113766204502355,0.2013228365070266,0.257290721097002,3.114135147581564,0.044069019063086766,1.2586260647814917,38.47084143223463,0.9968735987423026,3.275631474890178,0.5909534234205174,10.477524848897703,6
7.273179132627285,0.2934537461980611,0.5463847309775522,4.882192498074,0.08616590545633548,14.201999680103649,63.022710503760564,0.9949680387448556,3.468490767430323,0.33,10.855254388990701,5
9.803831542766579,0.8479979880724584,0.13067895007720642,2.449157693217712,0.04946864281573823,16.565736864035173,42.173919385554484,0.9982400186181766,3.31878441944056,0.36163366164868344,10.892230051074751,6
6.737393764174782,0.19950704224954297,0.21119485521927905,2.496902262741213,0.09741367379758722,12.173043199223088,20.054866572105468,0.9984883991736235,3.6435454801742435,1.0127263546080447,10.904944144236334,6
6.412320820596765,0.3887916842164203,0.10194441611859625,4.6952070434606465,0.10858146786473857,41.737905751437985,43.070033026088645,0.9971402699004069,3.285204742406016,0.9045978691392855,10.661150310227656,6
9.263994379559776,0.7360291307690161,0.171087106240714,1.2,0.0731548508965002,12.64245838904777,88.86963294740939,0.997161788596342,3.581576783542333,0.5838796650617586,10.308448829344771,6
6.033632571888788,0.5677483938555261,0.0,4.918572859668954,0.069964020931307,10.11738453614175,64.13470352195594,0.997010819317296,3.1724733027060883,0.7958009458718143,10.31478308331981,6
12.405144697719674,0.6970481127810246,0.196719913830399,3.862075498515532,0.09571807701496904,17.205607641251866,71.7817000606506,0.9953692320491305,3.0959635518271833,0.7022711631510863,10.64627783782995,7
8.435988746950544,0.6277091032287218,0.26014491588371863,1.2060934504279786,0.08564406315368939,26.0943125761402,46.548276520445434,0.9955318268941469,3.294379950450256,0.8739859147758473,11.283193106526149,7
8.891440397752305,0.7945248567249596,0.24409713993152007,1.5644234002182387,0.14951748970167222,8.283008696574349,6.0,0.9992141312007724,3.485465587299489,0.4758922112957563,12.502272871764722,5
6.925686298310243,0.5831769115816793,0.6784151201092339,1.7652620328447948,0.10195848026532962,14.356640173267701,6.315002402012404,0.9980969587441503,3.2365451740442985,0.48069526433155974,10.965461086317413,6
7.764049764789372,0.649420591247272,0.6183620696636265,1.2,0.13849254201289254,26.39248872246234,36.99171728840676,0.9970915652705595,3.2150533132222487,0.8822926918899032,10.803826114762234,7
7.5745129012999985,0.3996356242294987,0.12732910051739377,2.864660448699233,0.11569401711087365,26.975467547493544,9.156448832481239,0.9978401241200695,3.4678522632017033,0.4041486922524136,11.70050990064408,6
7.3788805209633095,0.6355399356040646,0.0,1.2694741954530053,0.0250343474140597,18.18509505128993,29.248636190763598,0.9965839412953185,3.4185853594833295,0.6698664752922437,10.824211892953807,7
9.376034977566706,0.45869730236193884,0.25115193294300425,2.9151718500038277,0.06076155083713451,41.293107812672254,28.05775465640275,0.9970513988617196,3.187968066638218,0.6504005213238966,9.26546853133233,7
7.535720735017023,0.44844094376347177,0.34153692625241794,1.2,0.08473942111699506,36.69683599030402,29.04955244980308,0.9978295821312232,3.1789635097957203,0.7913244668154124,9.615336158032164,5
10.02975208944311,0.6910502326364848,0.10650802605726131,3.792218531652299,0.12781688259800877,1.1357800988727451,93.7828882395053,0.9927588664413738,3.4377109851466496,0.681779298041412,12.356944052470983,5
12.827409995203702,0.6922922076906856,0.11591462955411266,3.5326763021827032,0.17760721087961287,1.0,44.75701475481847,0.9984216639443736,3.058691930197521,0.6355532532980194,9.636626260810665,7
7.797579891750868,0.8339195880343037,0.5706854441693812,1.5117693803156989,0.0642450848483011,24.255001702586263,77.25064820150757,0.9982852464201986,3.4762466214717263,0.5933082462313213,11.010057637372249,4
8.558936373080261,0.8221873733875162,0.22106520148239225,3.003508821034962,0.08959703661947378,30.236339268732177,51.89378867595906,0.9952166922734959,3.4165416338620074,0.4888829640863364,9.342084456335767,6
8.945119497181363,0.6951167290445797,0.39582753528219033,2.616088783033412,0.12459583023935417,13.540030658986735,93.07806339201771,0.9990637947806978,2.958739535335993,0.6297633802870927,11.774194305074516,7
11.37955818140898,0.22031979015739178,0.09324191740765544,4.575219280614077,0.0842821071096231,10.626944186899799,80.09022900935689,0.9924871019091447,3.312397514321141,0.8560669002210824,9.90761813365907,6
8.15949876543508,0.8589825769309454,0.25918131284228935,1.2,0.16427254855906565,7.286948763990221,27.039127887838333,0.9973706108611462,3.0052543033384254,0.6093913653953091,10.488574104227935,6
6.8906712365807845,0.6952341807199452,0.2060957128094426,2.2867828301081947,0.02365401216501206,3.6358747996410976,111.0376096715101,0.9967758727884569,3.124416268379982,0.8970642304596201,10.15578218594113,7
6.1472211404363035,0.39214518378446556,0.1416790846273753,1.6030429086091178,0.11886693602694864,27.831599357074417,31.546212809094094,0.9961120049580711,3.2325424643203795,0.7822707216613656,10.94020729655595,6
8.201427289365203,0.6612036480013008,0.48950707818912165,2.562745475940235,0.11840602295849847,11.896402911551952,53.08002190586165,0.9967367979222259,3.1147605611037052,0.739018497413035,10.583553204102753,6
7.537753627608401,0.3432921666267089,0.006113368169727351,3.2465830438970307,0.14114581882074528,19.068907948615287,58.904182806697776,0.9978071880608224,3.6515967794384108,0.630490051210084,11.373661627030087,7
11.717015791810002,0.6413534216197535,0.327010796847145,1.5874696706968074,0.08991641339468073,1.0,62.567200611056975,0.9932694203174282,3.4430649402565834,0.5511704591264305,11.101135571072568,6
11.308766115150842,0.29307139260666215,0.20252688545680525,1.9902512900551026,0.128901497265074,26.42384587459391,72.69431854471812,0.9986018327215491,3.5205856126471113,0.943870023907244,10.701559706676163,7
6.541566192529884,0.3845206864184055,0.34881665158681613,3.8524571172803075,0.07529045542674061,22.07167139284131,21.601792623200968,0.9959204803264765,3.28839587771438,0.7929093000037545,11.096983782039917,7
7.091707823966397,0.6577872432560948,0.2051004398785121,4.40025452669702,0.0493346102976583,1.7807633973754928,69.93583027815978,0.9986293604115319,3.3146919806478166,0.6343053326358375,11.149395332523023,6
8.425409183407707,0.7231196137387209,0.4347666817645985,3.19092244928403,0.04248145847550328,18.619802625579002,65.61968882558534,0.9979226835875349,3.5534319645293717,0.9468495532080272,9.97471868833044,5
10.675284918349897,0.5885786346980859,0.09145650633209118,2.3068516617595773,0.019254097193355107,15.949805275039678,46.515529944560896,0.9958809667322096,3.376794788680315,0.764936457272889,9.893131222195967,5
8.396922331830789,0.4784896453961653,0.4899351064183093,2.173664310547991,0.06625613679880196,11.173373341651352,40.25743871991139,0.9965492802268853,3.4042852374229575,0.4165154614109016,12.060741658209098,4
7.199690915420321,0.14932406689694172,0.26452748801185993,3.267376860218206,0.10163995372168198,1.0,19.9134558622042,0.9966608990885274,3.169678343887886,0.5854911838246841,11.15572296316381,5
8.19990092316537,0.4923762020627553,0.017584519487126526,2.8188738019668205,0.07721779148404,8.966542751610577,62.3035532338945,0.9997518947233807,3.1689649821569694,0.7816082534976427,10.832707487393135,7
7.231575731376721,0.626027313828415,0.3992409366215365,1.2,0.09630440669875708,19.075527030649276,24.77055279337206,0.9945331530051369,3.3502001573183837,0.9142864671471875,9.542203430765472,5
9.32421125604712,0.47298228093158357,0.23221854873164632,3.301339325231064,0.14503931381715784,10.140068019150185,54.32627733956843,0.9958676615721156,3.3674372779302746,1.0594211738739359,8.486575190103887,6
7.094642690170002,0.5259359706030048,0.0,1.2952022948084132,0.0626781322286923,13.572202114030928,43.16627514928483,0.9936938427033373,3.1564479668631367,0.6623465291950805,10.086844584720435,7
7.432258710874157,0.4965888557747743,0.3331689359141854,1.2,0.19699393540812943,31.61594625289998,6.0,0.9969354256667086,3.36520237279909,0.7627614476487523,9.915654745240323,4
10.275287482875363,0.47209288079214196,0.461253185902763,1.2,0.12249642095255689,15.086165882963996,15.789872893578522,0.9955153328743684,3.121862881254545,0.5540313030410787,10.067951760658369,7
6.993779589566078,0.5436579301927663,0.5136057906684249,2.197453880343353,0.07774449103896396,1.0,59.81712572074927,0.9957458741369801,3.3121298507574495,0.507142219488562,11.31255639015989,6
5.841582344647724,0.4809149752125571,0.1981131423060444,1.2,0.07667870157139803,13.959071213169434,29.249934050406477,0.9995209117649376,3.0886269564918956,0.37140998184385676,12.034327853377858,5
8.46148937730572,0.7897921196537496,0.2976104305118902,1.2,0.03961789203148805,16.94363794039501,28.127976456760166,0.9951355979070343,3.5145105505803285,0.7242997258705555,11.587128814691471,7
7.687195212852187,0.13284460729092812,0.2796019051306532,1.998162290428465,0.08579130265030618,7.233776101899986,21.36613046616081,0.9963969081086744,3.262071793730244,0.872966407808615,9.751882899186004,7
9.169406351580921,0.43174833452520606,0.5530624999985572,1.8132008311597878,0.012,23.614860255280586,22.482620897758412,0.9958286594562393,3.203190449534224,0.7898997859938115,10.975846122784436,7
8.839702289042854,0.3733538797668995,0.11600716934906982,2.290138439478268,0.14602101023762226,1.0,100.54372843747385,0.9959479222843272,3.133556304409984,0.6728131345434674,9.878567026363593,7
8.245738559106286,0.5694399080061938,0.1817147040811371,1.619542864340672,0.012,14.453718459895429,9.654002392548108,1.0019664002580342,3.1187342545679835,0.8660138254577497,8.43001044631053,7
8.196226176701009,0.5438860614589628,0.11140314120453682,5.06106152893819,0.08896229574828887,1.0,94.95851678238435,0.9934035461758028,3.3772071767578558,1.1596300069229835,10.318188280601762,6
7.049040636151181,0.8219947582788972,0.0,3.224272212557097,0.03323251693780152,12.795278966695875,35.61894283573663,0.9979237302316905,3.4645854910038723,0.5166123108156055,11.748976123489179,6
8.441690020688513,0.8812055686936031,0.3170795643998956,1.8005413469299318,0.05404460335958877,23.335363535200447,24.991477194187866,1.0013120094303214,3.449174848781955,0.33,10.041876383696156,7
9.798184128435707,0.39084497799731344,0.5742466830377416,2.4109224275736922,0.06010885915264041,14.202360764247798,59.12779525004876,0.9987502629655597,3.525075100628426,0.7162078894992944,11.291550245115113,7
6.645140539620892,0.5300900117060533,0.23228795288213844,4.4804997344934865,0.17750442799071137,13.589438172597205,48.24504180249771,0.9967891901143545,3.579219790542666,0.8420267667695814,9.68780203163724,8
8.290824460185393,0.565334795046384,0.10243964190680449,3.8392719364296877,0.03514721684289403,16.191585824620812,40.00225161642095,0.9944717401917623,3.4575207372617807,0.39495293330085135,11.13669335816966,6
10.06526088474884,0.38639352529927956,0.305503343424093,1.2,0.12997019860532377,16.716558424211563,53.7341714432352,0.9991790712346825,3.2325544997504467,0.7995673110594533,10.139348526704223,6
9.159220958468389,0.6431087664867722,0.3819324539668046,1.2,0.14153888597556505,23.18439516742108,47.72382067920321,0.9984809573583818,3.3361000813027744,0.6006918146684547,12.03000435184888,7
10.526103923796214,0.48688867362231,0.24029100388705127,1.4054143763673235,0.012,23.248065092602666,39.40683398091925,0.9937935843696969,2.9624273307905886,0.7152633138958114,10.06474482655558,6
7.334158039281632,0.337825726891824,0.5366717130712937,1.8844200686898678,0.058078419962212594,30.827806774490913,77.28368707734934,0.996091465663074,3.408187341218399,0.5017666355182799,9.819646697859945,7
5.187693637728728,0.47967770523202224,0.11565124008537084,1.6664075159735408,0.1567695773628079,17.65997834805847,6.0,0.9944084215020716,3.332986888600568,0.49130712439022856,11.974491801735695,7
8.64110806672467,0.35041857690668327,0.2154757690626511,2.5476129568055086,0.02520564781618568,1.0,16.407527317890807,0.9912669119265186,3.555665119069131,0.470212731288857,9.782783079273626,6
8.916370385545026,0.7165964292954661,0.32623770192016277,3.530009835426443,0.1433189737222979,24.908460296055605,20.567720995766994,0.9943642207868252,3.195522673709655,0.7714765168218956,10.627730889624122,7
10.626317322603548,0.8722806659204607,0.34466311299738717,3.7637244051354797,0.08616027067414898,30.07315682164821,11.693883819906894,0.9969003345297446,3.3893894076383244,0.5518652639782893,9.79049290020954,7
10.319847749001873,0.5740674873010171,0.27897333753665055,2.042483719940993,0.08412842551031895,41.74779768044065,49.326985447036165,0.9978026064367932,3.155485014183103,0.7038573193736264,11.388783483383246,5
9.212464159121184,0.5500298182495896,0.02710021475214186,1.2,0.09026610579782278,31.14291174815665,63.128303493550774,0.9960854697890288,3.293054852664005,0.6630164605155705,11.787661248356265,7
9.601163364089738,0.5574382580373535,0.7142221667992026,1.2,0.10310087608197846,10.751866692263892,6.0,0.9993108382457542,3.05816905355756,0.457375927241494,9.67825495663072,6
7.973903521048714,0.7428021252088968,0.22516571614124103,1.7723152945179579,0.042085005319370566,17.865432288630135,30.90365389712197,0.9986559358342135,3.518831137381242,0.6709341526385267,10.984582575444687,7
6.227505160757333,0.738925820647493,0.2909508285310848,1.2,0.07476028194183068,13.058419161327297,35.91726819993407,0.9964619724894861,3.472108005851755,0.6982908441993728,11.083897944031987,6
8.500126069547548,0.5091823576613185,0.38718460770286633,4.097202581382259,0.10441812545706992,11.631467286416813,37.095339042420534,0.9962200548935198,3.2372066041807033,0.8386473845254292,10.535034540967708,7
9.970374888167221,0.5754661869282365,0.14906398109658942,1.2,0.09531363445321038,14.708403396215385,6.0,0.9974272052755461,3.3503226393680166,0.9120372255520627,12.032382533484249,6
9.415813478708532,0.6474763532918741,0.28081601996544747,3.3638882626292843,0.10341360143958993,29.400302572397173,36.19174328397098,0.9966660918213924,3.3159267713645026,0.48468876861819554,12.0242881319804,4
9.71747247657092,0.32521625782086794,0.14133385484587407,1.2,0.05322170892500248,1.0,16.524056857473543,0.9939912002450123,3.2156913571529175,0.7183205610185086,9.487669946689854,7
7.5728153320205225,0.7482694827356822,0.34895464088010386,3.420081541814475,0.11671806285981512,5.3732708599100185,35.498993189526566,0.9961387742290906,3.328971823850179,0.33,11.693264175962785,5
7.848570375368681,0.842269740420901,0.21755569677444184,2.30502381066538,0.09294435674795361,28.704676736949608,6.0,0.9979645776759631,3.241813180270326,0.8027096729885446,10.942078756117718,6
9.121823329794827,0.7397057788711023,0.321056520187887,4.61754298322357,0.012707097571325626,31.163515827776493,35.72329497116057,0.9991980065031605,3.4609721552135357,0.8445412191219404,10.661088163724987,7
7.370937429335118,0.30579309590938014,0.07115790416773571,1.2,0.06202553870255201,8.975295062665019,22.84379469283398,0.9985243114039307,3.2775355180260437,0.33,10.151554565458786,7
7.423280981113897,0.1753999180246027,0.11250587753882094,1.7102392791437677,0.044911287545495546,33.23285761520478,37.86437352912738,0.997335175125488,3.6781424634804623,0.6003337697581076,8.813947749043244,6
8.806569801841668,0.6575693612332276,0.010623271397207645,1.9813943580253848,0.044306229630377725,26.146761874731393,56.396080169346206,0.9994690061206827,3.298011441642174,0.5054937989181147,10.702833132809774,7
9.593538063366744,0.3931658991868245,0.13499928492802055,2.286499901789563,0.06460543386878273,13.088508071521286,45.02821651233925,0.9975055081693202,3.3273666947431004,0.5998973362633476,10.72941831860065,6
7.960801255340006,0.5816840037421375,0.0,2.015626836736513,0.11583318102451359,1.0,72.60270213841584,0.9965317549020684,3.391336412343599,0.5662119736288248,12.534365329397799,6
6.3225779162088145,0.8063267696013587,0.21165096091931293,2.0426500077274183,0.05754076427067727,1.0,34.63078500584034,0.9995095519792636,3.4389058546522704,0.6505834999596236,9.678692692455783,6
7.04913334442719,0.41174806824828625,0.16849434832704402,2.019712439260072,0.09757772060712314,8.989144780098744,66.86131050776156,0.9980684914517823,3.322008067120085,0.8258445209763652,8.680219811927877,7
8.646242544318268,0.46204016184638724,0.2986730830887632,1.2,0.08987464068899301,23.87933831057819,83.5120757999074,0.9991738058781415,3.387982442798978,0.6046638880673,9.13828465595215,7
8.62558563857214,0.579810135065897,0.278475467642515,3.8906683022508752,0.05038453699758554,23.912550257753104,55.50669430976407,0.9944435469517011,3.3381518104821994,0.49013453120812783,12.102608823752018,7
8.710104834014093,0.2964482648031985,0.5088451560114033,6.505591194687158,0.07079368885863713,11.002283484977871,45.81575137549025,0.9950654896050344,3.1900982725550917,0.6244015389369773,9.920865108351055,7
9.186201994012787,0.3935858847189423,0.7629189351070811,2.917579546441383,0.12764791349504895,13.471620213692951,60.13251256948214,0.9951469303586308,3.1485848538338588,0.6149481889803856,11.859292935752404,5
8.309877949522166,0.5344743506752285,0.48613241249862066,1.2,0.09404089642623101,15.558945825610207,56.66885101425164,0.99704537558711,3.4176841338114174,0.643278955971507,10.40669449883869,6
8.75059527622853,0.4759181236128048,0.18390955801873332,1.2,0.11279490948584958,13.603250864016395,79.44089496626819,1.0001662641130085,3.5436535778515776,0.551243955407575,9.357085638972192,5
8.223454401190928,0.6395133956838608,0.17625575755512093,3.3584436026481947,0.14680733756366565,17.61815451852233,72.61600221787457,0.9945360009430915,3.058833205152985,0.7196467587274694,12.541410213846792,6
10.252846920980048,1.0278763305990681,0.4350459780475859,3.0396572661875405,0.1074420415463696,15.584567854144298,73.01171522297506,0.9984201935110258,3.089077393715944,0.8778825590635426,11.81002106656674,6
10.734981453069754,0.5478449010952624,0.0,2.1019938452253264,0.012,1.0,47.948454003783546,0.9944151197659286,3.087589916680462,0.4422711799517125,10.207917038732255,7
6.278680819953943,0.3784918497131584,0.21011144402893903,3.5547661192308597,0.09971809265743573,13.720603554697671,57.726356215582726,1.000723286863289,3.4293722607941604,0.7346216554055149,11.46657360975652,6
7.86607169842617,0.7852832638563616,0.224750942341667,1.2,0.05794876271134201,15.662722753028524,57.11111406112133,0.9936663618455236,3.442224855320173,0.8211540422471355,10.531676732183124,5
8.355631635619204,0.2440126744423602,0.3809849821155742,3.555686978123573,0.17208422267019563,26.292893132238866,6.777217670656526,0.9981065706246469,3.1596437448347654,0.5842275654976788,10.86821874760737,5
7.846244989575655,0.2799965292147607,0.3866346057667483,2.83286563043285,0.10576566215786626,7.171285617777011,81.66733700619277,0.9983727133038037,3.6496910983123194,0.8708741114442784,12.285684167813137,7
11.347968405262485,0.4228813810434098,0.12853349732532446,1.2,0.058920400018790314,18.041006189121493,6.0,0.9978780094789115,3.250715154563499,0.6477019201572526,8.773991420426142,7
8.68072397275255,0.47908039030646743,0.19126919427601508,1.2,0.1136260606837359,21.809819961376842,69.93094103592952,0.9950332258170405,3.5310892868952797,0.4665837972096974,10.016256386856702,5
6.930867894014416,0.4185669074269025,0.3545698084182143,2.6698581958438785,0.09126717243945402,14.34235462251788,55.2841715866186,0.9946929474030115,3.434515276781618,0.44183495804912964,10.431255786810492,5
9.313951977253142,0.5243277816038558,0.1182050753754347,4.470133391474869,0.012,1.0,37.14691730639314,0.9991175611921532,3.162452474696022,0.7914175826077567,10.757907732929517,7
8.760656716038529,0.5794535424943421,0.4991625026071138,2.180669475204152,0.12756385671887754,26.505724716232933,59.37015622538367,0.9986919726012464,3.2456229650184887,0.7757858386814853,9.063905562531836,5
8.817127963240818,0.7224127163495249,0.38574329435364585,1.3062409772740247,0.06793962403884732,23.744982936279335,60.27093083294885,0.9986660455334989,3.1756477584966154,0.9239293447995923,11.381114515642867,7
11.373389469958624,0.5464138892918808,0.30258681415702027,2.767803564190754,0.15376905976037836,18.30212049025916,6.0,0.9988963467812202,3.1029748281685854,0.7720221148140817,9.16525617574784,7
8.896334798783176,0.4288496754148818,0.3442787136733747,5.049220534172863,0.08115175314524092,16.32346920933601,93.09055468048155,0.9937814448164248,3.271003923401045,0.6410896915274802,9.062709819215598,5
7.783775409414208,0.7126361695590941,0.18129078278124805,3.1038197382892028,0.15464679374026702,1.0,48.87334197171983,0.9937246550076461,3.125415576597707,0.7399924321234823,10.131659979340993,5
4.9760300752728295,0.3828112143685765,0.15100462978435247,3.255162783493171,0.10697021304557332,24.03389467684579,122.65469281939627,0.9954244847654518,3.283058106406633,0.6702548756981257,12.428187588749976,7
8.018821669156031,0.2361315057762819,0.18930277893364303,4.211918090358778,0.13278379835690873,31.507158454947948,72.48346684214764,0.9957886813297522,3.6076753303759097,0.6014625681830553,13.119555934028964,6
10.52014885945622,0.7470720832228176,0.36499367152937146,3.1615803591373512,0.06388448394730697,4.205672035570318,48.12517271351613,0.9955862157846462,3.4172899763248994,0.5646083120809477,10.922718731988246,6
8.145012496754482,0.7355335840659749,0.30819284633464417,1.4066424099757842,0.10359129048568527,30.022695890851594,23.797707490842875,0.9972272461476244,3.2242019971558453,0.36508724274747245,10.145128096913657,7
4.6,0.3873862894032609,0.18968425265838512,1.2,0.012,27.780306861626237,42.85337922635923,0.9988189759372355,3.211636608638932,0.5318351079566652,10.567254586663049,7
7.452783933272841,0.4581622063122334,0.4124205312284545,1.2096856323104328,0.081029265564873,3.896449104824592,51.42943097036968,0.9961414091036532,3.24822747284968,0.654659497925747,10.758353632012136,7
9.987570516151747,0.3649530418406127,0.2369501797561308,1.2,0.0172270175292403,11.761492206794594,94.71265207738202,0.9951508972503311,3.6289544194391583,0.33,11.96904663532308,7
9.227889196755427,0.5887923591617241,0.13827095833805808,3.4230313673158586,0.03328007437990432,1.247904747348466,86.85710854881641,0.998244553891691,3.1423934145347574,0.5704727952394115,9.096581199085879,6
6.872202475931751,0.8417688724462548,0.31832488676671894,3.6176872718887507,0.045132199510002635,15.216047474846675,61.35397107342574,0.9961642674719845,3.309727570479677,0.8144975299321642,11.678077341700604,5
7.339015880121561,0.656518723747122,0.07752439279166082,2.745800886401683,0.11803978398924164,20.60733440551665,104.70638946788623,0.9969039172779549,3.381665890254702,0.8863489132204021,8.873390806472486,7
7.601795279525892,0.7164304356649459,0.0,1.2,0.08007407366645446,2.0350846242871476,6.0,0.996068300820228,3.4971852631302167,0.5683344425432517,9.885441591569423,6
7.173386587833019,0.6775510997043821,0.2690301306425999,5.001235833497374,0.08847706943963075,19.950929138809336,61.725705016781326,0.9973459436831816,3.2587686970290286,0.5619501660486614,10.397249175856649,6
4.849554424842712,0.5299785532593632,0.14509137919493215,1.9173057006245762,0.07879437696129536,22.610820516524186,87.81094811932229,0.9947735821473134,3.161747943110219,0.535603104588448,10.839925896356673,7
9.598104871053756,0.7250012788240369,0.22171067299272862,3.3448734144221515,0.13779386344768835,22.761525890296703,64.51070267957161,0.9980799172291667,3.354583111259938,0.5630736256331088,10.396143165618609,5
10.437001926371458,0.6641055013243039,0.08632074555255456,2.569054771379383,0.08718997201768855,20.672277006899094,6.0,0.9966377242662804,3.5124582145702083,0.8522503277642868,10.587319600068927,6
5.718636795259942,0.7891002287275646,0.4996971065434883,2.7921288765498806,0.0986953427013148,3.0008478980004725,92.21267909273541,0.9952477991625671,3.2679759713750176,0.934965380197259,10.44327062827677,4
10.414549985396736,0.4472811905908839,0.14431637865365374,3.2954576046765567,0.06019809993707977,14.62452280522453,71.54836773498599,0.9977087726740639,3.1807296571584036,0.3709589383748997,8.772800148454488,6
8.124860557624734,0.21713990488183044,0.18792011814754614,1.5255717737586676,0.1410222368023136,19.599697158297566,57.785093491022835,0.9952459848547521,3.326971859402055,0.520050915894025,11.015394560906708,5
10.382724991885388,0.718145182677154,0.34179782084081456,4.327563396771232,0.1445462964797365,31.240769034560522,49.40697790903478,0.9953299620638082,3.059967588812235,0.34120962129558796,11.268096891096603,5
8.36451574169376,0.5929585137090905,0.008443283318690264,1.2,0.08526621920576151,15.925891209618957,112.09279804209403,0.99441757389236,3.276326535983228,0.6531321307507084,11.836638972162284,5
8.530425806669673,0.4767117019421775,0.0,1.2,0.059538133605017377,20.3681835898957,61.12462718881412,0.9934631938954814,3.4914159552116124,0.5749775952345125,12.376361923140605,7
8.933138899869762,0.4867724937846516,0.34238103878174847,4.309401124071916,0.012,6.113718456725387,38.54084322754731,0.997715142220495,3.4447264113764273,0.7190164865083494,10.839592174325652,7
6.956887247270028,0.9898435386623808,0.1854599502121878,3.3260066655462595,0.046175967760121714,3.7736126202583478,19.805647320536085,0.9989146716333113,3.2878449018207214,0.7707471315258739,11.910317613737545,6
10.330946045357637,0.41440496254383125,0.09871592969011042,6.056547536754007,0.012,2.427744107830925,71.42270867996342,0.9958438605231004,3.5655367265396434,0.7518845103882152,10.419366961826567,7
6.393652915272867,0.37640540477126005,0.38464090285999086,2.5956906211143824,0.044199801555864254,11.487183121836019,78.94707870456728,0.9951829022287436,3.6041207296579856,0.37819038737934463,8.84805248188165,6
7.616486534321661,0.5453511620288033,0.11573488476948135,4.88060101504273,0.10377759457757756,37.55153710657203,48.35936174251339,0.9932566399194279,3.4122692792306144,0.6536306204734383,11.428361986018912,6
9.191249951993388,0.742488358035133,0.21784266308570438,1.2,0.08463120232184596,11.678199275881571,28.149088013064073,0.9925706329481983,3.0839632135390906,0.36972768658092364,11.19129012793875,7
7.434368091174712,0.940112357575261,0.09973521108522257,1.2,0.1961935482693722,19.728576716391533,90.25886208117645,0.9980807880368592,3.020493597372712,0.9532683714359125,10.400670710064968,6
9.621803109385406,0.6483256934101228,0.3276530653874666,3.753735752383763,0.06956033440438186,21.74952856499545,17.304032757774213,0.9929493851756953,3.5230574853233785,0.5977048345926115,10.333358448420956,7
10.638972494412727,0.30132642608370264,0.5230944766161871,1.2,0.06589080817514119,4.438944355120327,111.29475304582213,0.9945265262158647,3.3476880993966427,0.42570124392380077,10.911459344568224,4
10.021328201791523,0.8847555687292039,0.0,2.223685350186715,0.13695017117785357,11.331378068572542,22.333837376349766,0.9972385195049068,3.56187534346573,0.5654748653235693,10.038803750159268,7
5.008603966746344,0.5264956341661226,0.2914049608626227,4.1340927171060216,0.012,22.456358958791505,6.0,0.9968704437991015,3.1038428578019923,0.6933400128676658,10.87321535347316,5
8.513939848352909,0.3792123022589055,0.4327518039584066,3.2016397702841353,0.017356940538764076,20.397437848778942,8.652935656745257,0.9973169345287464,3.285177473314225,0.7826522403357106,9.413251389467725,7
10.048760438183868,0.3357093577221163,0.18991922801190314,2.515533308447411,0.11820054397900691,1.0,9.99018474915259,0.9967131469521283,3.4684953508913514,0.8790526227840784,9.533486225995167,6
6.061526960402504,0.6805391694803822,0.05510194888378181,1.871249543638959,0.07781506246043957,22.141308716551144,38.71598817718771,0.9960218389777898,3.197612726926767,0.6686946542011134,8.98696944952449,8
9.530137998289089,0.5729892895135545,0.3499830701542067,2.7831162244287504,0.07889268638331955,10.114600896140264,31.097124236732256,0.9945380552181579,3.466276899187258,0.6012485473417689,12.80114260777232,5
9.434683328786832,0.5921135678502532,0.46031416564164906,3.3081477213257418,0.04295389558178683,10.389419438924914,80.21065023693055,0.9954951274539826,3.291091952798982,0.7744617930585146,10.478197880092372,6
6.23944718370495,0.7615705614329475,0.43919921375263904,1.574747928219344,0.09826919815838421,20.1510897761179,75.52026142302391,0.9961508090354838,3.3143213641831224,0.7697980630031501,11.692834703938951,7
9.718195531758274,0.3856121735282641,0.3395227742038172,3.020430439216866,0.04902290703161772,31.89082720707983,39.1464861583838,0.9931083505756926,3.1277205339213676,0.6781923291564753,9.22644237252651,6
8.76358624900089,0.7759078330892567,0.28860361014564195,4.009803041878195,0.09041893644876993,13.795436419709205,148.60134694966422,0.9952059614026332,3.3487134499840576,0.7956358126115745,10.205595468298748,7
9.405649040826157,0.4365516818971358,0.0991876144769828,2.1885306133801983,0.03255127259289793,28.28002726316229,38.710560902773736,0.9959927848316711,3.6476896110687136,0.5542576990275713,10.990103427095463,7
6.657268944199275,0.9195213273042242,0.434396540565349,2.5953719901969126,0.07842734159301983,1.0,43.09431191843175,0.9953909669638784,3.3697553580159894,0.6539160683478701,11.974250473970223,6
8.555231397831355,0.6377730228787652,0.42389179453697645,3.177290367603889,0.18216884020330482,17.27280513207737,6.0,0.9960491464143763,3.1880744618210795,0.33,9.755331560263052,7
5.401706457975051,0.36435706464025214,0.053768919455499276,3.2718679025256416,0.06702801788233638,10.218918237755162,43.85022331983847,0.9979705827267125,3.52491340333202,0.894277594795259,9.969296111490827,6
4.6,0.16542474500231374,0.33925114829083336,3.7298350021978157,0.08080736515498636,18.86107336093864,56.28448274676718,0.998203823261842,3.192717984827689,0.5744124265108493,9.55261054678595,7
8.539408325097176,0.6756064500102221,0.39403653634875924,1.2,0.07748141911895311,12.788772270756429,7.539132590893608,0.9995715709811573,3.5750498988273596,0.8952458578498959,10.270943908488531,5
10.171015931494228,0.46264755032176696,0.4376016166943463,1.7595084966605659,0.09520297619219077,1.818855100880052,30.093052123761034,0.9938349855096141,3.1136562942291497,0.5464475747718538,9.30876211839263,6
8.729992584250637,0.5019981749860696,0.2557519723658281,1.8113698311304849,0.10900314304515991,6.582201690588008,57.25865301619766,0.9959005842170937,3.351997094722857,0.7093780876088335,8.862685805063608,7
8.192141691294953,0.6679152816513393,0.10706216091223264,1.2345229687722525,0.09909017428179653,1.0,29.232912737584662,0.9990324010596275,3.545052124335667,0.6673064722715233,10.676786621467063,7
7.981191995906716,0.711874488725118,0.17459792582583145,1.2,0.10012784456330771,2.1775370960384635,22.3461632289959,0.9933831017623045,3.176509854196502,0.5556609950297295,11.117538389938845,6
6.697638834546789,0.7502678613204724,0.07862252689336732,1.2,0.07850083093325394,20.943405936188,72.23217616730973,0.9944651644205588,3.3228066528434916,0.7395334936502268,9.181224109221446,7
7.92283646354798,0.3185285644910715,0.2602984736281534,4.1736337964541725,0.09171361695783081,13.264110136499163,6.0,0.9955301022327541,3.4882225433225216,0.8750813732929656,9.678293314479548,6
9.016863596049557,0.786661054932426,0.22309177465194885,1.2,0.07694409482818516,18.32407630634492,10.707353744268708,1.0005842152245121,2.9626497702609202,0.9622644189723542,10.29305627999437,6
7.560122204238932,0.42577183948973313,0.6775569199460544,4.693112777388271,0.012,34.963563556748255,52.3357803052228,0.9948483878622201,3.4527400975854663,0.7842629204422374,12.226225019554837,6
9.57599765152082,0.12387501174531923,0.4399886570632451,3.535173284063047,0.21063890546303798,12.792296171271262,74.33863974415533,0.9987592592194794,3.2964593203987604,0.4522943955282187,8.4,6
8.633157557569826,0.3178807375651918,0.45421413270892846,1.9320362682712455,0.12122411922871919,22.5599812984135,56.5517384888558,0.996646995902027,3.532060939648615,0.4190515852137757,10.87611928363774,6
8.838865010214793,0.5692445165838618,0.3595569732572685,3.362990946740627,0.0409719973516261,16.195422878113177,39.13410929878067,0.9945217373694045,3.1825654180258622,0.8516190895662514,11.126800908699225,5
9.810726681036632,0.3538134357053949,0.2002096471329816,3.0951865453992102,0.0978128390060198,44.90818759368077,36.45271442818536,1.0020196658780418,3.0964365171454973,0.4884604431133554,9.638013397468917,7
7.404515764486517,0.5141519955483121,0.217675907824566,1.2,0.02373138603873033,1.0,79.74353794499305,0.9970698312074211,3.226372379780835,0.7627123651374894,10.026324461305558,7
9.420946996517818,0.5908854477552521,0.2350648330348421,2.479031116918517,0.06377252718935285,8.364546102292724,74.76114714473546,0.9974147844039343,3.2231568636794115,0.6807698503081991,10.756299385362585,7
7.642989580671645,0.4973506274403286,0.30576432181321545,1.2,0.017346538567087594,22.76725172943055,48.14004038563159,0.9977155643415928,3.278201159624226,0.8821792304806001,10.368291259320573,6
8.877174622492028,0.441016219185791,0.3439422639424552,3.415779203039529,0.08459431225489988,7.994493348006634,37.36634479840856,0.9975682167461271,3.2378387247292513,0.7446917833462569,12.217995005064756,6
7.202188703917835,0.3048747086621193,0.2701346392592992,1.498690667480857,0.012676304371887312,21.8437513517548,47.66045513803049,1.000788939376138,3.000783619640334,0.6528016494900803,10.509830260181937,7
6.751803500789956,0.5339498854787599,0.2147862893048047,2.364718649324659,0.10525587603270464,15.269168474584767,22.57520394128785,1.0000932933117122,3.2953767190965193,1.0084117296382982,11.321509054156834,7
8.45617006760244,0.15830767023474773,0.15711803020728293,2.3042815133849506,0.11906439080290299,24.981962799122186,41.559221069107785,0.9949299635272953,3.345696693266793,0.7979520752911281,10.881775729573024,5
5.095159911564101,0.40652035249050417,0.005396736021181847,2.670210600755135,0.04813191181956961,4.0127102805095785,30.3942434915104,1.0005355773346474,3.2802406638613197,0.7523044768881632,11.142707173620687,7
7.796345346034902,0.36299886036906304,0.5138420413588638,4.827577113559631,0.09456202759735591,17.714844261471725,43.182205475348674,0.9953697473893952,3.354171549730289,0.5419569677229298,9.568194017771171,7
5.569159090464394,0.4869121667283954,0.6890506179704288,2.1626551840017143,0.045641675454946726,20.793191415140534,31.573787528156334,0.9973122576736766,3.323082004068461,0.46307067577656336,10.615272293558474,7
9.624697858333134,0.4916006361243316,0.4978739883763677,4.205097998764321,0.11105135532068566,17.283786161219034,63.738016652560184,0.9939421155749861,3.097172993119088,0.6138904230020567,10.329846599148173,7
10.085188013385155,0.7027922013980742,0.030777531073158226,3.171995792069053,0.0546349517175644,17.46883109166933,73.42553765504643,0.9986695521863435,3.2636686766597687,0.4031997875858459,9.633639239917374,7
6.831282923584631,0.815025909904928,0.41953314823176946,4.485763564451215,0.12408159587720527,28.52552451068538,34.007349514936756,0.9961160136414391,3.3275405875110904,0.6032639116873895,11.38976869089104,6
9.028132036204944,0.3287998087573454,0.4645174973079551,2.026189901259253,0.012,1.0,19.789158894284547,0.9945159734905009,3.2734757228066065,0.7941621067811964,8.4,7
9.828530713268737,0.8887098725486053,0.19334683726194202,3.4745907387573953,0.0397661319903053,17.21215550331269,69.91235505465929,0.9989581519266659,3.080110321423194,0.8249042722167418,11.841241014584712,7
9.834197678253032,0.38972679208614225,0.3628961755314155,2.4170247683595223,0.03488563289953236,3.2039446047675675,52.57856494073972,0.99942878265032,3.4983593935405186,0.5998592743931266,8.4,5
8.664566417751791,0.5610548209261562,0.1833024238207023,1.2,0.0965576266450349,23.85491483772626,34.434383016789965,0.9994931952852656,3.1602880293771944,1.1571157286884786,10.235512473053875,4
9.548317948454546,0.6219553380466972,0.5604965090146106,1.2,0.11308921587375458,7.101697385117983,91.7556579496495,0.9938063941461681,3.118701724428228,0.8744678938487792,11.407043196349024,6
7.196136769735331,0.9700248954648512,0.3394204752209097,3.3153277243338524,0.10018995623878628,1.0,27.910372830652367,0.9996897315480945,3.316286059223973,0.6529051979081834,9.128431396793024,7
8.441308191616356,0.43238917920272046,0.09574045663950081,3.222770882791998,0.06307810316563693,24.10540784959823,6.0,0.9961290202070555,3.261373447068245,0.8520419821987211,10.853401454220238,7
7.505924208455681,0.20658715766395047,0.3972635386217743,1.2,0.012,13.08210141343083,23.208136706207267,1.0005978565947555,3.4026220054160334,0.5594861784738051,10.73771589398637,5
7.052560444564882,0.7982683046347366,0.471168327963147,2.808514568373205,0.08881900785360547,19.644610969066825,99.7446518897242,0.9978874120263219,3.4443887060869502,0.7011656722869168,10.74949619961477,7
8.361307765498367,0.37999275941682176,0.3076450137158164,3.2045643171357074,0.12403830696290227,30.883593478340146,36.04754724790204,0.9971775293948711,3.4209669871753596,0.5967036555957248,10.026889250079067,6
8.890801639468727,0.4649140554963933,0.361093921431221,2.4514682023673506,0.21298391696676253,19.799711402288473,29.542047311756995,0.996716190038203,3.3097254164211263,0.4519979237351533,9.902129895071761,7
10.27796490552348,0.3288050622932885,0.2567468484465284,3.5203460927234906,0.06705342462659891,17.678994881043963,47.37524268924224,0.9966740404456542,3.395207803357805,0.7485472928441008,8.71996594863916,7
8.75076439640811,0.4654333208511946,0.05448671390221563,3.3295774311002764,0.0557301709860979,15.403661018090977,79.76397559167646,0.9954089228004064,3.069757983324095,0.6569966188055064,10.288737870404805,7
9.391281909434637,0.3787295234830207,0.24117058590010354,2.450798988833409,0.10205197472054323,3.8532819206353786,43.77259030540549,0.9946706786896307,3.4785315720212404,0.6696081569095687,11.381736584977881,6
9.410581394524215,0.6517595269690588,0.369377530263076,1.784845253590234,0.07496055316859201,13.639897489998388,65.95533544479426,0.9960109422544234,3.247656235273937,0.6533870104547458,9.911971921641825,6
12.868808421684832,0.5445424933499563,0.24567489508318482,3.959558228929513,0.14694255014137075,36.62593507364712,40.27314100217901,0.9989626882192527,3.6133704384579968,0.5053227951840438,9.965339967570367,6
5.222944914436616,0.40741007108935784,0.42214543108052227,3.14842693703035,0.0490151330623375,11.960198083594072,66.21404753071545,0.9940464125649098,3.483219196454595,0.9280174527286497,12.100937875452429,5
7.130512426376798,0.709256955798607,0.195485503372459,1.2,0.07530415720742162,14.26185657605582,52.43064591935973,0.9992472658381465,3.2796180202165464,0.7002854990538526,10.225056114160092,7
10.805895289229737,0.5758994151214278,0.2079477427843428,2.8092567185139425,0.12818201449080027,29.09939136710613,33.40607060614459,0.9969724405180849,3.3132972367742606,0.6126157891487944,10.776810946662772,7
7.701577772749095,0.19771131492007005,0.4279127996188419,1.2,0.10149312269369862,1.0,54.99122603018397,0.9981848017758365,3.4923454886189065,0.4354342400691896,10.973219060725352,9
9.805865333922924,0.6955465965351744,0.31215197819257856,1.2,0.14157676057262733,22.41130253504783,28.65142403618526,0.9982830049386491,2.9619417002001094,0.8965746905664214,10.224357804255206,8
8.691016190396823,0.5632762190934743,0.19177289958043758,1.5873259504601083,0.06648139558280569,1.0,6.0,0.9984638554516605,3.28532445934631,0.8139440987390382,11.128944167834304,6
11.878844082053618,0.7803318477664777,0.4664230214416386,2.562822529923583,0.1463743716113291,20.091481527255326,45.845691582264635,0.9967425630172755,3.5720192560278172,0.6582565978602967,11.45865913812659,7
6.40780747399169,0.552305136741676,0.1391402135893997,3.0242798086277998,0.012,15.664700791818884,6.0,0.9967994519368378,3.440107452863857,0.4396979794610869,11.366821389478094,7
10.377060939281982,0.3874923168978329,0.13187969778670372,1.9274813550622198,0.012,22.330201688379145,66.1554317189004,0.9983987836843121,3.180992063269703,0.9400183133465143,11.486458228950951,7
11.27428821896325,0.4932268400056694,0.0,1.9887443371887716,0.14711487607358492,5.269019113378894,45.26655361025343,0.9947215399532809,3.3584290901125953,0.5959856011257042,8.4,6
6.575487908814401,0.6747054795585297,0.16474597577028505,1.7954588825776465,0.08734543004684324,10.282152610738514,93.32630510314414,0.9944305287425071,3.1595892478971903,0.5438431563939113,9.146044601992955,6
9.63087941408829,0.3912673292538448,0.5186561689952337,3.96651909192268,0.1302783456963598,22.87255600970862,35.63519904730228,0.9958170948472042,3.2574141015793074,0.6496491371541597,9.849508435763102,5
6.658653424090606,0.45074657832063947,0.0,1.2,0.09167513503113008,10.546758576731094,45.84110522384806,0.9972473719917759,3.361410993337914,0.7217731322698459,9.548328385183371,7
8.351274673309714,0.49009605560016795,0.08913517335644869,2.067851626455304,0.0866690772990571,23.832910235549278,6.0,1.0003496551848856,3.388513077967527,0.6293324053523754,9.62949084311659,7
7.863800518690305,0.3231131101611429,0.3534230256191323,4.6629787135353125,0.024583019621161425,18.096283012231893,10.175330062489046,0.9967911671688486,3.4223304835285764,0.33,11.351833132311159,6
4.6,0.39386178356685664,0.0,3.2241220703883418,0.08573854028909386,11.21960654173331,6.0,1.0005002897737365,3.5000032406517794,0.7004364243528038,10.514398207663834,7
9.021198241510229,0.5610590345247543,0.17296726343314472,4.273586136793974,0.15099554010688732,12.58878113067791,81.9495463867088,0.9976793696260572,3.1261661583815332,0.8148389337883979,10.25356843647305,7
8.543676584930592,0.7464459945775415,0.4867640109660418,1.2,0.08966350382136858,15.9368007325205,31.380663036693484,0.9958384209642982,3.3136992382734762,0.506521412074703,10.158648148132368,6
10.814434254789793,0.5870864572478856,0.6581749023513079,1.2,0.11905767519979066,13.588087802565282,90.16092382084301,0.9988794304321897,3.1790465469119686,0.9232940031858823,9.971852727497287,5
9.338944212904224,0.5217449733135762,0.32514684747673617,3.2196673969610545,0.11775557609150003,23.567622414195974,6.0,0.9962385606333132,3.2485761148449224,0.806728048802567,10.141131016648469,7
12.194502670933897,0.38037126068858407,0.09397126653418778,4.6708828305607355,0.03940272321690331,12.001567039997116,97.43164771210115,0.9971772979520396,3.193816608090221,0.7376917850392966,11.884720957807616,6
8.481972049533814,0.7271288741096418,0.08757553965682632,1.2,0.12728512559237776,9.883175274771677,44.262046895809505,0.994160894523774,3.386908136939126,0.4856049833589564,8.512281862260869,7
8.120598911596078,0.6080309899904317,0.2975325141728718,1.9571335042108684,0.07225475001618716,25.45764265609504,57.68097909695939,0.9938335388373378,3.4721649583307514,0.7054076313248733,11.763659416234074,6
7.986593693780938,0.4027886425665369,0.3233830310213688,3.062049798613793,0.07479633681014936,11.467643777235697,11.529184176973743,0.9977519455085343,3.4804801904932905,0.7183380869767505,12.854234471728864,7
7.552699191245986,0.6917567225632821,0.6230064644110673,1.2,0.18559167388325032,10.226097987217404,63.84783832974806,0.9987970850125081,3.1398033455230654,0.6440730772760854,11.755522078801476,6
4.6,0.6307238710718841,0.45445292198206855,3.2303677634133763,0.11507325824108139,1.0,34.19822459478357,1.0003967682548514,3.291012100851474,0.8095277399636157,9.340771394063529,6
7.925669134086473,0.38356453711407756,0.28598023269881323,1.2,0.0569904048589712,4.98521462965874,7.2189060947118335,0.9951621923614468,3.1355331085177576,0.596675805098451,9.87941154014498,7
4.784646965058814,0.511751913872444,0.20631062188071048,3.189135250250797,0.09003328896145694,7.094411474036283,6.767776989526354,0.9994811138374826,3.130400852888715,0.6118232434435251,11.50562993005823,6
9.068456685795807,0.4413009089162714,0.84279522476742,1.2,0.08872113653883647,10.228628778666266,6.1859706364423275,0.9991974491099563,3.2080933683621002,0.5447168606902008,10.133938418585156,5
6.191897502800007,1.004036829205689,0.38905301199922016,1.873363933277021,0.16624637825393274,8.317538225396937,59.009882701715696,0.9957667905678302,3.3628678444023197,0.5812897532536252,9.85856899055218,4
6.779634540749687,0.6257140789626187,0.14293717442026646,3.412637527111755,0.08885464728181292,26.22202656112899,25.58771983815343,0.9993373650899672,3.3899129165982296,0.6325016233674395,10.291951029609509,7
7.1620026687846625,0.5636171698726833,0.22732164451761927,3.126153017689151,0.1907759367065555,7.760949733263637,6.0,0.998494011114942,3.4107513440004977,0.6263613824914862,9.199619617249489,7
7.951610435717484,0.6150793500938084,0.10328359939941098,2.4888263139076137,0.02605356322125814,8.54342311249495,58.649954011840606,0.9988701478492252,3.401223194801889,0.6187237209375622,10.260623825042678,7
8.311676033396363,0.7782492658755497,0.0,3.8566567722894893,0.08547942057747737,17.534369069547186,6.0,1.0008179847196121,3.1794309500516222,0.8150966499642588,9.109349219003802,6
10.14361529122422,0.5149915740010762,0.3294036883293913,1.2,0.051145794216761915,4.33234026074885,90.22647199110574,0.998791257510345,3.4921448889598063,0.9134586372785136,11.173047084672797,5
7.318198841037159,0.4238163263841639,0.6086663011458897,2.7861801201019794,0.06374305554527761,32.321917625891146,111.85290795939,0.992639893554212,3.4337051255396482,0.4400851332454727,9.496565567763687,4
9.116248431578029,0.6819709810575352,0.0,1.3937618167981243,0.06476328928336028,24.322646307209528,6.0,0.9973128649423953,3.246445715409145,0.9095084436898602,10.455107910371453,6
12.942474296480064,0.4985099781197639,0.2804998932170134,3.7852440561519805,0.053568586040052775,3.635087002867593,81.12562578010201,0.993723077147968,3.2522623705042117,0.7726591221634866,9.92444776691091,7
8.941496194697491,0.33741884076550943,0.13568809196385656,3.4618938974905675,0.1683180748343242,26.543504401601794,57.98532427914109,0.9969877551335266,3.2087385960850567,0.5061766378971531,10.808794224982064,6
7.9931673588162235,0.3023564422839095,0.369085479858272,3.5126875064096073,0.15386033545559813,28.727935464959515,30.048727541528688,0.9968778929367651,3.1110561368033354,0.6019197395227689,11.279897454442565,6
6.975442191721895,0.805273379151116,0.23725727022233248,4.803534565789988,0.10592429203881373,3.9077952623545578,31.584047361278337,0.9955909796847524,3.4125678277539206,0.7062779293511328,10.706553511939589,7
7.969636372785442,0.5536960220454712,0.011589615660655805,4.076886545408969,0.06470546094019955,3.6657505345323447,68.03233649474254,0.9947475540279705,3.4365975147831267,0.37664712800771677,9.650663057255981,6
6.793425415864011,0.4238778708813678,0.08359029434955026,2.2796101327172247,0.05488804698944866,9.490661968069595,45.18561875884622,0.9956923693885803,3.1673879208705933,0.6432534439682936,9.797416422985451,6
8.756724425362414,0.4878197160124286,0.11224289892300057,2.4982250051175043,0.12186501084945511,1.0403462426784635,6.0,0.9960593949522867,3.1202937584949155,0.7473427656323145,12.925093228242602,7
8.47602503568697,0.6753400492415034,0.5254204595175695,3.341313732996417,0.10110709470810023,7.706970388560887,114.70217385881591,0.9964497607927243,3.165773334797948,0.5314569028332211,11.414910065978198,6
4.624227324439753,0.47718700714843193,0.5157192626167287,2.690644544646961,0.08019318018081949,11.698691860453195,60.75143071890006,0.9969003244216601,3.3269776733463536,0.40642459168673195,10.188291991508764,7
8.268451390197686,0.2691044487480648,0.21084390144858747,3.487242650673605,0.11243607134312024,21.19359979445305,44.78884531111921,0.9978119765685304,3.097175484300411,0.6917694037358583,9.785647939936005,7
10.129448731488022,0.5886513533866264,0.5032826523557559,1.2,0.1288803154227931,16.752867783077622,22.863875414368643,0.9961061506128583,3.4836827369134165,1.033402572929463,8.860331136108565,7
7.621509851255325,0.7475026071632414,0.23709507051472695,5.133124926310643,0.0797601185887323,14.345774181385705,40.28319942937442,0.9991313320258768,3.4744654926157774,0.5367505581938258,11.60720976598893,5
7.190075486900345,0.7354635772350051,0.20793407589446447,2.585440016978849,0.04999568210366028,10.826680403288417,88.25626081620419,0.9966273468354117,3.375349121354656,0.5412023387875976,9.639333482092045,7
5.9579086857013515,0.4293206111352959,0.28085238970472326,1.2,0.024907563659130424,2.166464625384542,55.10724649657003,0.9984565325552894,3.4346993054683983,0.623916059889399,11.52749678988436,6
5.141413529238513,0.7584510781625083,0.32411680293849093,1.22068930778307,0.09877968869404877,22.113036131210865,58.84982514433936,0.9961214864469584,3.319048329742619,0.9248536816709831,11.285387337336978,6
9.713293754007534,0.5683309952608921,0.16446548935564975,1.2,0.18886056073725072,21.878428646648977,6.0,1.0019130474217401,3.3816337152033458,0.37709122048322913,11.847498300158147,6
7.9914868397153676,0.7534065218981708,0.2741544910146223,1.2,0.03479882631229154,9.423089794586994,34.997163912140834,0.9975878019325644,3.109771934530305,0.7888701023160032,11.211957790305018,7
9.61243665540582,0.6332636654004598,0.41959127607283947,2.3008521999043,0.13867504680860068,4.337871018193557,48.17959457185615,0.9998070673425016,3.524133839489516,0.5779413563695223,10.175468942290316,6
10.903250365785098,0.2561125683261195,0.29461253144914895,4.620600457492164,0.0552488605107009,32.23909659403438,69.41703269975312,0.9953815102212558,3.234947647361651,0.5926009984942165,10.417021153211564,6
9.866121064347588,0.8444130087515024,0.2781287514036208,3.074944419587721,0.06472051781208493,18.490669736412784,32.81964669499227,0.9958504144712184,3.290164672366455,0.48627165766523894,10.426253077823315,7
7.377967053554048,0.5393210932158117,0.3638942407133511,2.826004856750406,0.13000140356553808,20.068167058912948,77.02688238413452,0.9962209384599662,3.693028918178421,0.6156749030633025,10.112441790161004,6
8.546275029917846,0.6338228883044871,0.3966741515631358,1.2,0.07500286663687677,20.521552537347464,8.85077944543496,1.0013986998608595,3.276118852837695,0.4911792102466075,8.663157066403716,5
7.25488612923324,0.2880719668750681,0.25810299446354473,1.345720572085084,0.09866821043505253,3.2739211648964233,48.78774502956104,0.9962957939656754,3.4238678795135735,0.5658057554335726,8.4,5
7.095909613577174,0.6209587700140518,0.17990559915515175,1.454301229278927,0.09776745354198112,31.6424041321771,43.28847048424086,0.9951354752195822,3.3892379998166384,0.33,11.211947317055134,5
8.88278577608446,0.7285269918936788,0.3059486276601047,1.5114199429394526,0.05532445989711983,11.663271704085577,6.0,0.9991717222617397,3.104745930927735,0.36323489251391433,10.20641343040394,5
6.885100398699107,0.8783576605877128,0.0,2.0078483732519534,0.12906958512824931,24.5314410412539,44.930401645363006,0.9968117282568989,3.156039570046638,0.715242906871405,11.427241923558107,5
4.6,0.7820719630631509,0.23003882085426758,2.1135845135969267,0.08410563720005883,31.21354338598117,27.332311273374074,0.9962855730247635,3.623526851099116,0.8725785481673083,9.99389337975854,7
6.79014857726346,0.6297604467102871,0.0,2.0252902769224126,0.021740018300889632,16.7544483361911,93.0131885345173,0.9955404636081921,3.399191093146761,1.2070709515576197,10.398769965659007,6
7.778302047231467,0.2520120763972905,0.0,1.560146077624125,0.0450532511007676,3.4944767082812778,33.00257641819624,0.9976287742605838,3.3074012491184495,0.8151741217874614,11.394595929793931,6
10.886377446314269,0.5538091022895358,0.0,2.689074432137117,0.012,1.0,58.04364058810031,0.9987190457038585,3.2275101968307305,0.5705014400762397,12.064211916238333,7
7.465406335218679,0.4233482782616726,0.46899683106607976,2.059819303286515,0.08944362551220829,15.496634002329651,6.0,0.9981973623374595,3.359291944575269,0.33,10.06168819974409,6
9.170270954749768,0.5722960174669245,0.27265654503417175,1.2,0.14829112377739534,18.526516701191817,54.28311659329506,0.9957892658227588,3.373932750871195,0.7497602931551063,9.32991360543191,7
8.013876002264483,0.3110613500968822,0.030210685588896447,2.5481345511611093,0.037783958094342,9.801861096301002,32.844976446745825,0.9948233648934545,3.344884317197217,0.4110706741269123,11.69791871294812,6
10.384888744579653,0.49216995659745777,0.3633025482546177,2.336530403105793,0.11452029814190925,17.32469726129763,20.96050367745358,0.99,3.474619929471639,0.5207798332938745,10.092818123035334,6
10.26706385528873,0.4369070449149077,0.4578443510796385,1.2,0.10723666705090969,20.418620800796106,139.73505443074185,0.9949036094544652,3.1765037783461225,0.8086246557919357,9.88079413620919,5
10.299497678907864,0.4313300559255357,0.36661225566800104,1.6721779746248466,0.05166175629738714,26.33624180334367,34.8715269541293,0.9959929443714515,3.1558919787359496,0.7080148533880334,9.972221110698298,6
5.352227999990501,0.43311748652159227,0.23414507558640862,3.335901585415902,0.15921710534695396,13.500063393174802,39.52688022524238,0.9965878243199777,3.4706328557634354,0.5000589600480836,9.631061694843492,6
8.651430880316491,0.505546151050116,0.3141724574996798,1.2,0.07418495930942891,15.423912428669336,76.17558459547952,0.9961854585816747,3.6353538576201623,0.36791210021985377,11.227907596349134,6
9.59019562020731,0.581515056628644,0.44128434129711913,1.2,0.181482613852318,14.024696540947682,21.218762177794435,1.002021666200458,3.4397592361740776,0.6940813929508449,8.968094573588786,5
8.948615556401863,0.12,0.1808432908440954,2.045162929211566,0.012,16.25274364993192,59.767657926817606,0.997633593760742,3.5098540716152353,0.7150684189663061,10.509194738324751,5
9.38221375389711,0.12,0.27567471541898686,3.3721051777367497,0.07435062907521159,10.51156400029943,63.28954156941354,0.9943484788203568,3.298474542036505,0.9136564866382757,10.667188422855942,6
8.399196707285313,0.4690355588140625,0.22113332152477808,5.034458627011774,0.07993815487121712,10.461363462807917,54.55064403059016,0.9979455780570016,3.3509817138287703,0.33,9.759556510985442,6
7.033866848564905,0.49440157195298945,0.0,3.4225094967951573,0.08509118799792799,11.12226018764083,122.0495634940759,0.9974438057694652,3.3489090772376344,0.6780970381207887,12.098231723056191,6
5.4149344455233726,0.5640400189887094,0.4441479543224173,4.018758836218551,0.1206675562615492,17.540795537004715,20.0395482705068,0.9947051698371643,3.3014642962458125,0.8138506060231434,11.361217643873406,6
7.202531971297592,0.39901897612587967,0.6608816543488618,2.985376679902329,0.2467119839301563,7.003202707563064,97.0870597917839,0.9972487305513316,3.5273397173577843,0.5865581926018898,9.913653999541907,7
12.852786785185268,0.5317037349240827,0.10397902196417394,1.5408376285001777,0.1083881092161336,11.164563702172696,62.03341923980112,0.9977072874000489,3.4818404803402436,0.38656783374095205,10.286423357539038,5
7.4743930006458585,0.5527741769032499,0.4529092446283969,3.4123955072356775,0.08813929140339742,34.89019465477479,76.42089227394888,0.9986465584064507,3.2485179302282465,0.5007858103970705,11.356890865009738,7
4.969036615645736,0.39777954256421516,0.11002118184529588,2.3801487315006304,0.035478622392326464,25.31219307529602,57.72661082838475,0.9933262227183468,3.0565811329243577,0.6643606028212888,10.485628984531875,7
9.545503913239441,0.7124220479133982,0.2952296848646423,3.027847372959218,0.012,5.850648688700526,108.29532487238373,0.9979313482213057,3.300209561310389,0.5752099054985689,11.899688608729408,5
9.754282014760497,0.5618575360619109,0.5565223320200576,1.2,0.1420022590743001,24.979065771232467,35.96943632434697,0.999378818845011,3.132183563524848,0.7096609190785904,11.005844378089645,7
10.488451463258638,0.6284529971833923,0.17111659277549893,3.1530241211757284,0.06130114467196163,22.487616777878692,62.85854584478682,1.0002866045001153,3.313645958674861,0.8754899549822353,10.67058510652919,7
9.100663456301527,0.5423922316310935,0.26720958126554406,2.331288524527745,0.20939544260254392,14.808845129472193,89.45005974477526,0.9943704716997518,3.144316647474699,0.5901145148254497,10.661375992998465,5
9.737522574593818,0.9086611585511096,0.0,2.8237608460577173,0.1278059460641211,8.466284056432777,28.114075266355606,0.9964226906819963,3.503503561944878,0.8653533983965581,13.769319410200154,6
11.428369129231385,0.6373514724411777,0.14380117465021602,2.380897555244815,0.10305329525205426,7.274101818905004,79.41436668306116,0.996606775495912,3.4154010988867336,0.6383389163924819,9.310244557980331,7
7.032695063494405,0.44216120308269946,0.0,2.111915638521644,0.10552405810692916,18.25032181422398,45.886801390946246,0.9979834855995063,3.4116602632354294,0.7156179954159453,9.228953427496808,7
6.695453800779681,0.6777740391863121,0.3515438427762497,3.178567091465772,0.10598690795760687,7.014546546936671,6.0,0.9963872047146964,3.4751166189642615,0.6380923104648313,10.141655925354511,6
6.439202882760021,0.23523111485779913,0.42801113620079967,1.931472419551811,0.0543553535679028,27.420823961554163,6.0,0.9953407522146456,3.3702305156130987,0.720020894120168,11.90301651452021,6
7.8481917029602295,0.5515280472800788,0.22788937155154715,1.2,0.012,30.3984691787776,43.51202748194982,0.9971126351079114,3.3942074754041425,0.7495859573649114,8.4,6
10.736818113702787,0.5874488522165583,0.32431852377879056,1.2,0.061117799053755535,15.45055277553503,79.10012050078304,0.9960587460743009,3.530943604876054,0.7671078285200393,8.4,6
9.1977162251686,0.5535837371741656,0.20811121350241504,2.7581831971977686,0.08613725746289436,27.857198525182355,6.0,0.9977681601083019,3.2892846703152148,0.658551538493294,9.972291058816031,7
9.13077631960567,0.4699198032490003,0.4107036195161429,1.8738950593796018,0.05655258684227979,11.578736042821147,53.09480628733905,0.9951618219649929,3.403187761518997,0.33,12.668570887424833,6
5.207176521269971,0.3477907957693373,0.2945977676737878,1.2,0.026554073151882414,8.399306275516746,75.85920773771348,0.994757611653509,3.1478166694754655,0.7592415147739889,10.427221529820285,6
7.1215823936980875,0.3879175378308268,0.0,2.649148953875293,0.051834115196763675,27.45288939152502,6.0,0.9991993364146274,3.3222086449772625,0.33,9.156211708595913,7
5.179382024134538,0.5483734849245291,0.4485963554376359,2.368575623037297,0.13567942594772825,32.48860303385783,25.642498016772915,1.0010178024662284,3.657929692922076,0.5548295055080908,11.279591831198122,4
10.291117841846624,0.3295665381629614,0.19598686902920087,1.8005409694881747,0.12216520186652491,36.513158863418276,65.33087237790468,1.0001623153307742,3.4354831084873694,0.33,12.178264854271585,6
10.995599037905746,0.8486301708165092,0.028627900470403173,2.8455330454531937,0.09505626040746475,19.392878250509636,74.41689846755139,0.9965633413733979,3.296756875390622,0.9467540450314276,9.71660187051113,7
9.62526343630865,0.12,0.18660254525463946,4.3411316141509255,0.11459360253611389,24.95215914949106,99.27483151034826,0.9987047416260043,3.35073925482337,0.728941588455615,10.886213948473918,7
6.622463722242774,0.4717811838419713,0.0,4.298427006159194,0.033799127023066346,19.16148089889456,27.209387637228026,0.9953960627137947,3.3067662685245214,0.6026119969767453,10.567730402142207,6
10.819438239146844,0.5498701350393855,0.0325210308645818,2.701270500352019,0.04961503478752411,30.635475895335198,19.667521488983912,0.9976655406491994,3.3456818954458667,0.8992136918107813,11.012323949004768,6
7.8694666529571435,0.6213357670099919,0.2971604259219239,2.3814053939920052,0.10161770849577499,20.449483401112218,100.87335178803596,0.9955907747428521,3.248552945064789,0.7484449021399503,9.90891565284012,5
6.235419222720476,0.3651335490927632,0.3130752204047076,2.7208292906563534,0.03978808494615729,24.35337978095135,21.662412602686153,0.9990873578240862,3.3862101648310503,0.6791804288501514,11.072635171903341,6
6.660512767160124,0.7341730628998783,0.328223378508482,2.9326097058840874,0.09209471766014586,3.9781062203699094,63.18969320006101,0.9988345829640554,3.391667730182186,0.7251745366366741,11.297160815737982,6
7.568733719493878,0.27911041211367393,0.27060987487506455,2.124382552118723,0.027661344079519624,13.47279085863944,118.32447877661684,1.0006443128110851,3.3110222535986904,0.5930495471496979,11.164300340987824,6
8.384283484824001,0.4280968540506378,0.13835562654031777,2.744360283934343,0.012,24.443179560743474,71.26411601964348,0.9962643203336883,3.3315691331419024,0.447253645902438,8.664095514313516,6
8.025714840191952,0.6417345599502964,0.2596527635024926,1.2,0.12159570153410923,23.501713812728365,72.2695901372184,0.9997001640320748,3.3624782220620255,0.8213515847526284,8.865765891701802,6
5.898463689109255,0.7172339416626954,0.18693058507990182,2.61388843668547,0.13527115505235474,25.33848370362565,88.54837484678256,0.9976622836176634,3.228804573728716,0.6459351901261722,9.662521147815195,4
10.362637895615592,0.27727976665140247,0.0,3.1675390330344464,0.05735141328635023,17.16687379550431,63.76814331242664,0.9968432380915453,3.3847316314896236,0.3589492268306166,10.686211527345211,6
8.043969936957367,1.0061066222747286,0.12324115170798827,1.8142212811910317,0.015538258623868331,9.053768967079563,72.42751621273739,0.9973402882961835,3.430144288457526,0.7442540700697817,10.998343575681737,6
7.086618444339894,0.36845151862990233,0.43901283392211465,2.366338297999462,0.012,15.281061398050984,35.22880169488293,0.9999262250068567,3.535589380401742,0.6649456426233492,9.272127038582754,6
10.187514015370699,0.29380715404499913,0.5717758888904394,1.2,0.1735740070281182,16.393860822089287,84.6627651590824,0.9964493202417019,3.359029357309029,0.9469693384519019,10.746933912354988,5
6.2882094799468975,0.6204886805191863,0.39374225838255084,1.2,0.09223537011473311,18.438278489592044,60.10354516243759,0.9965459824624193,3.2244320732208935,0.7036504942178823,11.411930150535749,7
5.530886687923326,0.46730717835533775,0.5633025745885587,2.7951411091428673,0.05842431503309237,5.7374130177065865,6.0,0.9927751660141229,3.2941476621942187,0.4572204331429398,11.114760935117323,7
10.463228659217858,0.44071058374284605,0.2862238359256421,1.4786117779673373,0.0698961565001085,13.108400850283372,54.49285471634184,0.9964206086770737,3.133983535696542,0.35367409774656366,9.907980228590846,7
11.515359344235577,0.6372159303625495,0.6010514560934825,1.2,0.012,14.968990100311647,6.0,0.9972022876631206,3.4220122976694047,0.8729300798096084,10.005789751637685,7
7.514436768292624,0.2550867757229944,0.6603528036624302,1.2,0.11613522826701288,1.0,69.98773657017657,0.995251729222255,2.9928023150607066,0.6471839086350999,9.011602101391638,6
8.221850986540854,0.2236158080045536,0.0,1.2,0.1810050615186107,24.641300204424567,38.81615421633704,0.9947850751225052,3.467796899303803,0.5108132753593799,12.26214663978633,5
6.350669985314465,0.422463794274219,0.31208372835523823,3.584412696824438,0.05021042058266927,17.62216754472642,109.19268274902879,0.9931826467053118,3.48637993691763,0.5356569212401526,10.907211595130459,6
8.309337335413769,0.7240223131015986,0.28642173592663306,2.7507596159158543,0.19902248072240267,18.6858481397063,62.608868608306004,0.9955891638689239,2.858683708038466,0.8787184963379104,8.674909834952368,6
7.491301051656966,0.43027004718569895,0.1894202750390212,1.27975692257978,0.08152896972532826,10.487288734203052,76.90557434468744,0.9994002402839145,3.5063932729555924,0.7382075468731348,11.712511360939457,7
8.126381651940502,0.8178482032151506,0.3634639522487635,1.6771277330403767,0.16533739704155248,22.055628943067653,11.980555073453083,0.9938844806240928,3.4682020701399114,0.8445201835649903,11.104646952491576,6
8.995739258915313,0.7461826570109403,0.27781376304195665,4.336918182550116,0.10143938908189742,7.164778848698905,69.02250845367938,0.9981991327784432,3.2653320253742306,0.6996864997997435,11.677895190135466,5
6.433152687347562,0.5809303132113472,0.13026470512551178,3.8105434092757315,0.10138816588323478,8.814450435573063,25.42235105636909,0.9983707584393515,3.1264603835881086,0.5157742005574805,9.802292084143073,6
7.684920723304636,0.5911502946874563,0.26494503004297354,1.2,0.17366450989821844,22.497465480288863,82.3780314990338,1.0013604370801705,3.180985098621224,0.9617181110763849,9.951642624220884,6
5.233571582977097,0.5807604725030341,0.4988729700799941,4.128936203476856,0.12378708511428699,19.650198229512526,9.706211764584147,0.998672874851315,3.1931882593570493,0.5915215465835544,9.530467650198716,7
7.696521617007411,0.558749191162778,0.30468223840770836,2.387119668170266,0.10461785968164256,2.485197215732917,50.11266190899309,0.9985137012041018,3.5126726178722825,0.7947498650570081,12.665384247789056,6
8.141162079441102,0.46407649445392773,0.3891214021686652,3.6194562764787417,0.012,32.46239413592438,8.405667989944227,0.9973986247811273,3.240847810319198,0.8423165847040317,9.863940061413361,6
8.689270122603833,0.4849661900227107,0.21735991094697268,2.2713688629978903,0.01616119740475694,7.9357746374819556,50.63914746966616,0.9967016289350673,3.449419756795594,0.6590652607855626,9.37792336362133,7
8.707280118617456,0.33740717181333524,0.35589216192880685,4.160160878239045,0.1085520837788893,14.50776767647594,113.03981920741911,0.9983191790748815,3.2908946555978114,0.4687520803988997,9.707760232093719,7
9.836668676252655,0.13219229792776765,0.04024923920819584,1.2,0.15598581535244835,34.24126755932049,70.22971984043974,0.9990725324181453,3.3184816483004655,0.5427129626820066,10.052079619645815,6
5.6825669172353575,0.728732709670769,0.17505310511023947,2.142369396065878,0.09303720016057576,1.0,45.426522287182166,0.9970239429841594,3.0680050784496222,0.7731211343297925,12.064870484751486,5
5.773329049084501,0.5583065186213537,0.2504929643724737,4.203043689058764,0.059208681972689546,1.0,6.0,0.9991545832135428,3.133351197563547,0.7487494119428234,10.696217888499358,5
9.199228491867284,0.5311180440119215,0.027496175080957863,1.2,0.012,20.540303714429434,28.87589381307666,1.0021781014630415,3.509137018271128,0.8791127723501526,11.719899246184903,6
4.833765829090794,0.6017208421144183,0.1122588234104683,2.4355140342257484,0.05017150229826222,1.0,62.11610494541666,0.9968346319191587,3.2860187316940292,0.8516800181604691,10.705275285872498,5
8.611610360578489,0.3808884581371432,0.3294912360290394,1.9490351521775375,0.09315611307226068,1.0,29.692782472681568,0.9968881030924197,3.356301555128439,0.49599492576050475,10.207147795632356,6
6.293502002697181,0.3498088015908021,0.2946680640947262,3.458525722761243,0.04674653734444922,28.239157176088483,93.45324315799718,0.9965249780079452,3.5881790025433737,0.9034190507805309,9.2845115852692,6
10.973784889559209,0.47893675513793255,0.4232094306849647,3.9978788095753606,0.041671025291319094,11.606829631757055,48.85360554462485,0.9969541115884453,3.290345568487825,0.4835500276462116,12.105610466181973,6
8.725769093137222,0.7762577267174863,0.15590290654481886,3.52239734702975,0.08459748861659798,38.95894037261657,81.98577932008064,0.9990239000585551,3.281626119256477,0.7591151001180232,11.46032892526014,7
7.927434766487796,0.31962661487123734,0.2809444229409959,2.8374003547561437,0.15507534849575233,5.034917330437555,53.2412382274474,0.9968654038099345,3.4957372266595628,1.0696490726035075,11.557684550153176,5
10.387125491136604,0.12,0.14234519193207265,2.5567903673335044,0.11918181123075561,12.555941111859955,37.420187491787935,0.9970594383563915,3.3119018522578005,0.7111224496935417,11.389925793386535,6
6.492216588829384,0.43614780347262455,0.40416442433077204,2.020205129928143,0.10043597391239545,21.57662262487515,30.993358032534083,0.9962256656352445,3.359281082146908,0.35560710591441885,9.640177479987374,6
6.815203622050727,0.735685984922333,0.49624176204479703,2.793961670134484,0.09585885989573979,20.85104908384001,13.200132139197024,0.9976292092510289,3.4635097085889783,0.6025974049594014,10.683557778081513,7
6.155526782786316,0.21814207561621635,0.36183171717803253,4.543516761419713,0.11290530501078554,13.223554037367126,82.57857373590153,0.9957439268620071,3.3100176551406353,1.0277224102007407,11.562943587699802,5
6.829433315206712,0.3175489513118831,0.47162691249255073,1.3372827824114422,0.08182381593821356,9.091169885104613,32.41840743541674,0.9943703200074123,3.431288624897612,0.6227935420387719,11.41044043463248,6
8.40389653592456,0.5774384133040704,0.2761749739486938,1.937085934826297,0.06767916396911125,18.329304405583553,63.68356608918586,0.9975505767825903,3.292159674058369,0.8835889856929446,10.56755291076351,7
9.139718182389325,0.9925832663855603,0.4230628286490834,2.3942860384064697,0.12169511608513875,30.35730180484642,29.202990050481276,1.0004608304956872,3.4610954296500394,0.49537398254169174,12.513235901188782,7
9.934416865124824,0.28552189966528485,0.28432937109636747,3.901305750873936,0.07640642173837081,23.909491240519596,10.868349038912733,0.9961491062739033,3.3748843687054024,0.5975348509678323,10.970285781511368,7
5.197969120268745,0.2785518635357674,0.07526366734870413,2.8126232753730878,0.031135922084021175,9.259081628743584,64.76413266958123,0.9947217102394582,3.2752877849642124,0.6213303237861363,11.81453144342693,6
8.007832923012405,0.5909657063910534,0.31687706385273523,3.876874653763267,0.15483510047610005,5.486387216166932,21.933441812358527,1.000339719839253,3.3214344356666334,0.9896554091165506,10.614155185353315,6
6.416120296975638,0.7468413991988668,0.08089362817980322,3.947753986705041,0.012,8.625715629045441,33.32396964387118,0.9967865653256678,2.9335727979964914,0.6059902248558957,10.002322693957787,7
7.951011944470229,0.4176622317813722,0.714434500798093,3.3288515561479723,0.15836117275466374,2.525699703658935,6.0,0.9984946607367371,3.4938411433725918,0.3374748306199112,11.437025796477627,7
12.268078086215969,0.2381490518980096,0.2065232498326865,1.2,0.11080339658586484,17.447799564436067,30.276245023035482,0.9953149649382214,3.116786289312484,1.0629370027994591,11.184864754844202,6
8.796164995400026,0.6080748597595422,0.3925571925353095,4.8255314766554,0.04144991556125165,24.44475487670998,47.293125836671734,0.9967185640779712,3.1453558802523816,0.6966694355397187,10.770716723832686,6
9.82909045095202,0.6406714515145352,0.26764148829013706,4.477332939529782,0.08813996403268859,15.150930015745766,37.04154675390296,0.9993610533343515,3.2425451414838644,0.7692928736643573,9.494637787852465,6
11.63317516267378,0.8501579227768847,0.0356134494331779,2.5889560707032713,0.06684342016722841,33.957551325759916,73.41965568152133,0.996948467690994,3.0338856110982344,0.38483414911831676,11.481728468871438,7
10.21650901339709,0.6482504802183702,0.0,1.2,0.12496310923268725,34.541853039124234,51.28763244685537,0.9969720841657431,3.382012907111414,0.7018199740794538,9.550996227494661,6
7.538545384532127,0.6790518937470283,0.4123126514640849,1.2,0.12403276886731449,19.131220322698425,148.0726243855961,0.9938716714418715,3.3655961567209136,0.6612464410930555,11.231771379656076,6
6.1310854528311065,0.482813874103777,0.5643747760865013,2.8560418771751945,0.10868408549076437,23.270346275005174,60.457844334305264,0.9981953635967047,3.235072988678328,0.4937360740977952,9.226225309465093,6
8.248754741814555,0.9694707815905043,0.1303872956300319,1.5175493810168996,0.12208000480622752,6.4451912313208,6.0,0.9952068239661576,3.2055818610748115,0.7715525276365869,9.493659903489585,6
7.334900166828236,0.4583344380940754,0.0,1.2,0.0816028760209476,12.111531814688632,39.49616851653979,0.9988274307610899,3.2032169333121114,0.3679162217457419,10.7125367472438,6
5.708313812747404,0.4198540181458814,0.2082190808398913,1.2,0.16979872947411698,29.25883896654877,42.34643593903856,0.9970845243314698,3.404678955195448,0.4925383384122279,11.01949318460016,5
8.709572495392097,0.8557126853333492,0.0919477614046407,1.8420243973379882,0.14450952352250845,9.817637518471361,26.311532257288647,0.9972533163313483,3.064566218182914,0.8640321889530188,10.631855712175033,7
8.752006706700866,0.2646372897988263,0.14644002082620236,2.7729014033353696,0.06458073123889624,31.517487973672743,48.888896446371604,0.9981678294561975,3.247014126399104,0.5346081682966322,9.83593854823285,6
11.307498390447588,0.19746649078497536,0.3859710029478042,4.467998271422157,0.12511050065356155,27.581923071785745,25.332236653607637,0.9974130119531823,3.074468131114966,0.5741291452600528,11.591135047797312,6
7.685002782977417,0.5515202464277272,0.2604120209934607,3.1779090840855786,0.12100836743777266,23.792051590986755,57.449771385231124,0.999965061489582,3.42838664601019,0.6733000481061451,10.548542490141232,5
8.776206361248065,0.5296874258103749,0.11239356381241669,1.96603365734002,0.07479120220147922,3.586703658573782,6.0,0.9996640733378309,3.2582217482117324,0.594768965001923,10.606911475307617,6
7.168674795026634,0.48898016332088085,0.3818151493896271,3.0319293807419188,0.07110193772038738,12.624141917261623,84.142813721954,0.9943872366021085,3.394199400510475,0.7754508118896054,10.231460033064609,6
9.784388032178892,0.7089073562818973,0.3967057455644003,2.906794619824121,0.14408187655355678,22.66419280786334,6.0,0.9963756471976126,3.502428796460314,0.6879162751309545,9.626697230827212,5
8.08814974647678,0.36652288718805737,0.20595907765152122,3.535363290074315,0.08630939360779868,5.549645217728683,37.82902233865598,0.9982894162731029,3.505029763794542,0.4018704992168619,11.60554404699024,6
6.306594264950339,0.5415500826124414,0.29620413897443143,2.44408104098259,0.09922807884581333,13.90418890422572,22.393946638702975,0.9949090543721744,3.152596400729523,0.53307140867114,9.712294605342018,5
8.277097903169231,0.4651809285251264,0.36889535778462523,3.9506768514169543,0.15285189107681182,23.7973749658402,56.56477033745988,0.9937206845570408,3.357656839384532,0.5146834505055273,12.216231082289287,5
8.963888925860502,0.36958066998078487,0.35095959488684547,3.654232520318479,0.20606693303279863,9.934191606815896,40.471367456807684,0.9952556113003648,3.4826946790754265,0.5792205831352542,9.51726910841135,8
8.733964758603058,0.518868784887077,0.2777166765234512,2.6157800050939986,0.06224862749191349,7.012227841679197,54.779306900860135,0.9964811857282454,3.4172573754818694,0.6770360502337276,10.745537469877029,6
10.078024416342979,0.6834672445931185,0.5421913624628063,2.333085901227734,0.07661768820670796,1.0,83.05823033684572,0.99,3.4324808618554368,0.7100689006098875,10.474416185272045,7
5.838304167530828,0.9117022616774904,0.38070935447288534,3.7876478705865972,0.09047818856131466,11.840340923999761,71.78744789924303,0.9945836096593674,3.0353681832809594,0.33,10.279496545719832,6
6.8673375969746004,0.6342954169218145,0.1843709868654308,1.501135954650146,0.09154661233868666,24.018405884506443,47.6945115432973,0.9933207829885303,3.414896632543086,0.832260096746289,11.12965761344261,7
9.387638464052413,0.12,0.1855128771372081,1.2,0.10468867976475886,6.734511409071775,61.61780552241197,0.9988786773094441,3.1878885803591994,0.6425524942542421,11.245070748072946,7
7.0670427374661795,0.5231347846205032,0.16396359347403203,1.2,0.06396161011756095,16.08765711791092,110.98424736903299,0.9984698097706407,3.412361651740374,0.4675323209768628,10.973481917889474,7
8.708801123861353,0.5389645023625099,0.39010297997328414,1.3850757348746874,0.027489022078197166,13.545802646162295,72.95943989506,0.9972292710097848,3.4089924302818178,0.8198944683962393,9.261643144502504,6
4.6,0.698517621724391,0.15167796359963776,3.4235132182881496,0.16942978650793816,8.900452662335503,36.84260196195055,0.9968900225608307,3.4008472538579246,0.33,9.146704082766913,6
12.9171091729319,0.563265854448153,0.18926917305146676,1.908081603546191,0.11576787753777777,24.695908793446822,88.54173670013526,0.997735132998412,3.2929600311416514,0.39012687529030354,9.082329057641308,6
7.841478496352529,0.7555560051143738,0.4710242537420044,2.786322403935716,0.06732882053304406,33.14385895224191,59.37410955495969,0.9948031631399573,3.5126780694773823,1.0199564966096877,10.13882836674235,7
10.329725641980072,0.600500710810749,0.3064100727928039,1.8065855007665033,0.10754431137227442,26.445548408237883,14.82470739331357,0.999080489091286,3.388587432964569,0.6828720156718362,12.663417244503536,7
7.727273696508066,0.81058365250962,0.4977211991530256,1.8176996876224476,0.17314867471982648,8.592667774267497,40.554236653019444,0.9968767404476208,3.3595134557190436,0.5326680660360761,10.34738405083051,7
9.004987498842508,0.4510257343913072,0.421631375936945,1.2,0.04996298391754417,36.81983947038242,6.0,0.9984434386134933,3.1661007289401053,0.6764447176747262,12.647980268981357,5
10.836263398786963,0.5559818241134049,0.04643235247668798,2.3713461244180367,0.0969235900146171,26.414730557415687,6.0,0.9983651891962828,3.370998014748405,0.627133192787171,10.36425752632692,7
10.281870232654256,0.6787954763701813,0.25059471893426677,2.2547707699094603,0.021676357177628114,11.097750775874948,15.276574419007876,0.9977148174897649,3.614721445372655,0.6640818325002835,10.571187500144301,7
7.952426534535119,0.4270050673471802,0.4580903175940231,3.07773103245455,0.08143794367793038,7.759072987824906,50.53291715958756,0.9972945441789123,3.0959118972497426,0.7411528628026712,11.037476036373452,6
8.070067646830724,0.38779769562540634,0.037786547621307676,2.9027766498164045,0.11597998314738418,27.670912270371694,50.629241970463966,0.9971530357043379,3.422436339091923,0.6243357671770208,10.088609330549936,5
10.006063152311587,0.4167166220563967,0.3497450558681485,2.223993666658222,0.034608006970114596,17.724576620551368,6.0,0.9965803438523525,3.441860855218237,0.7182974676266907,10.643199104644646,7
12.266515487285012,0.39514118892399397,0.2625450699972387,1.2,0.0782015356519016,6.9669690887788605,6.0,0.9976176177941898,3.5757299883029328,0.6311358383853323,8.577949899777153,6
8.62688054647837,0.6240611457575589,0.0,3.998811254609589,0.12459658307790608,14.344855715545227,94.8880854051516,0.9970917974957849,3.4217639715916244,0.5184525645403348,9.448651533808308,7
11.62700818892079,0.19973455466578,0.2927352678585974,2.3809379253467675,0.11469240621493171,11.624433412245708,49.63514362037171,0.9957746603602344,3.3116445449381917,0.4699683629965091,8.600458534362996,5
7.88959550228565,0.2499253952627768,0.11088107693595878,2.6114997658514554,0.03259131099634352,7.247379253775604,97.68292407344458,0.9978584579844417,3.3750821822903756,0.8822429525326068,11.176006640031009,7
9.918332617966664,0.8652943686243073,0.048146161397879056,4.740693092135481,0.10456741912040525,26.553155659245405,95.80364708589462,0.9972329500435477,3.268719411662234,0.7680592795219608,8.941222340076303,6
10.171964795820388,0.39948259022464805,0.27173672840630025,3.77151097723433,0.11325978534780676,24.10810397730029,70.67194806315155,0.9989985975569032,3.4977657303208836,0.8343005892599527,11.910489108325217,6
7.603067143450286,0.5660026732109147,0.0,3.125028878343423,0.09207531928424342,24.704685514372237,48.44582383765997,0.9932602081116203,3.071457132102942,0.6586402885964032,10.780944078837317,6
7.02996726518721,0.26195364477815697,0.1418848444088724,2.496771897680844,0.1381989475378845,24.559039129854888,33.417288212970035,0.996768819083884,3.23486783907831,0.696364064213742,11.42656869663709,7
10.2471616205305,0.5469423682020698,0.754723107975503,2.4836962316321856,0.05929597602393445,6.281645680570227,70.14182561492623,0.9953226844401061,3.3787079836461893,0.6276780524737083,9.708078472054106,7
7.396353206686804,0.40057879981734734,0.39354225474731924,2.836160296810607,0.1063867697512011,9.561283646131528,41.24067621400422,0.9957165167856005,3.4903233399036937,0.8547734243044247,9.197885260648155,6
6.779605148451816,0.2486438903311255,0.10252926782820293,3.0696694161992846,0.03223558650849792,31.215903990845455,27.101526261759993,0.9977635212524208,3.3078773545540434,0.5993761742901155,10.027935789161862,6
7.137268846941536,0.7706456787616485,0.5367915286190753,4.895962458097788,0.012,17.034127285609483,6.0,0.993971485059811,3.1895200294557715,0.4907146590674242,11.538676829633625,7
7.389457324676801,0.7428618308709569,0.08151172345234459,5.962572515867935,0.12371071211711784,1.0,43.765835353093685,0.9969529577278748,3.277525596008828,0.7466171532767562,12.663105299892157,6
9.756249077863652,0.510676137671477,0.16479792090426026,2.9063651275649693,0.08796643611020188,18.17791543975534,82.58047219862267,0.9967578351685501,3.2534879144426623,0.6321368992450922,10.943950597222846,7
9.175572544569519,0.709895425882024,0.051718232113435264,1.2,0.06521937415754347,22.775308247515397,87.93151547854717,0.9947050958019319,3.2605698239125247,0.7004862289841379,8.992236317574642,6
9.516619016088416,0.8725926837908888,0.318655176946544,1.2,0.03693766733751808,21.40243509238719,48.25286957758422,0.9970003385044733,3.2429824690043874,0.7788913792184697,9.360068807828652,6
9.016345678866742,0.6657336679684561,0.5300396281984544,5.036095634620473,0.125873811942877,6.052369166802791,17.261429465038702,0.9952530489666902,3.243049568268382,0.5595489128369567,8.807491807535165,6
7.290471724180715,0.6163423531117934,0.0801888158136273,3.506113679558045,0.016123324486257057,35.71057637220431,76.20027284656852,1.0008752190700037,3.045745382826956,0.620783213519958,10.261788353414003,6
9.485074855044063,0.5658109453669957,0.0,3.0964650821429944,0.13366524100486832,1.0,45.99447677242221,0.9989837366055848,3.3562236761951545,0.605230123495804,10.103356732554946,7
10.310171505229018,0.6469095256746631,0.4772836681586897,2.266426924033335,0.10819687641033285,17.06441251671583,34.469281487494584,0.9968277939230973,3.413908967517551,0.8767544704170117,10.253826600789667,6
9.293655467402827,0.46449450917186547,0.5652220952066593,1.2,0.018483804763302067,34.13380495404387,6.0,0.9958796778017573,3.540752823442503,0.6604343163255291,9.251439591761558,6
9.064415041263945,0.48020554355093964,0.0,4.848905656643703,0.09292018649929604,22.11239938132217,115.71375259151662,0.997657695641697,3.4425017473403554,0.6845841226387448,9.144243613357188,7
6.996007338829851,0.6111604475382527,0.35741032487482444,1.3475056479362757,0.21172506914221845,24.680305475039226,70.79330897409167,0.9981582042438469,3.4346414510896173,0.4614051534826593,10.500703492444178,6
8.660089034256613,0.44470432337128485,0.31303601690190486,3.52103654315359,0.14290265936978339,4.84177643371358,74.34157593203525,0.9971836119205966,3.355585856183274,0.7822350803533288,10.918319642886368,6
6.905589739937208,0.4641560588971696,0.12037969207132662,1.2,0.048082722578180026,19.54398780476714,18.113575227293328,0.9947712196808886,3.0385669633495875,0.730778256886778,9.13222113529173,7
8.259152641262974,0.5300335996342952,0.0050724233328457435,2.198511841240413,0.12068516706521934,15.515672041703056,49.123764060371585,0.9963017832442145,3.353141732746248,0.5160094779287416,10.906875078396652,7
5.511546713316964,0.7371093591067525,0.45843256563484563,3.8901399826341496,0.0204520829117667,4.03453622377417,43.8188518099327,0.9968482248414656,3.327306008970696,0.9849088873208436,11.41304341422742,5
5.5246507149134425,0.3261205243592635,0.3040234009768671,2.1504281585464886,0.02254823372301222,24.983250639487103,72.23091270254356,0.9972515225331725,3.4686004944389377,0.7153230518264555,8.4,7
7.97521892709005,0.666652130486947,0.31834102691107696,1.9841701744875613,0.08383663351151736,7.295389244167975,91.2347372071641,0.9972953899871694,3.397391709657141,0.5519862335970409,12.085979630031064,7
7.367652557894118,0.6725233543046247,0.15186382296169182,2.5148907756881536,0.1129276566232165,8.540291362230466,6.0,0.9980885812468704,3.289999612959922,0.6575151139855647,11.151358615897196,6
8.481538228906096,0.6714461616734256,0.1176372511545081,1.2,0.12513252498930663,20.442082881890904,11.1431070263558,0.9992492685485682,3.611555442944558,0.5953426054178715,11.423058074183785,5
8.070893415504298,0.38478565156229205,0.0,1.2,0.1257836350540083,14.39592282072734,67.74477527743308,0.9986238710427224,3.44066229429639,0.9204591173795205,9.307656578869086,7
8.351324338257264,0.2253173092080314,0.22667467434087296,3.4999310757714994,0.11025325528915442,17.677524248388135,29.785834074343484,0.9978216077068437,3.3623391535258444,0.8166407313015759,11.242249483389294,7
9.334632652006459,0.630746085034056,0.5433770120963024,1.9089061041350806,0.012,13.75275358291672,73.30935847807991,0.9943103624168856,3.380118323325872,0.7351859662988572,11.365221581541988,6
7.512442775376585,0.5637569811945132,0.10085166019075584,3.4890786648140386,0.08413621314807763,30.73713885679244,34.22634756983187,0.9989540521477972,3.319422059900214,0.9498638081938735,9.70284516263545,7
7.926945520203733,0.7107877942573638,0.0,4.065456224010991,0.13252804890666742,6.187178203994534,6.0,0.9982557320690033,3.312541686117914,0.4815007758163734,11.23446574542095,7
10.77353607869738,0.4039033709582831,0.35277626762683034,4.178099652593649,0.10783467355054899,11.019507807836867,6.0,0.9962139965709184,2.9757862739534757,0.7899025833285491,10.25216920353555,5
8.305243015602546,0.666821307726145,0.3878151997048039,1.2,0.09555898350669435,20.952301354581884,62.427808569290654,0.9967565041588168,3.1690771024059265,0.7510325753214557,9.739266659453643,6
7.99534219313684,0.719794180199494,0.1586778674705766,1.523038996444543,0.10247361574478472,5.526862746769302,63.23460288271009,0.9968246038456033,3.2266972067963904,0.6188230067072916,10.18980118458109,6
8.440271588849424,0.5128442502111169,0.2037347517070681,3.2526194298613276,0.10168843434952933,5.061654484843302,78.42009792072307,0.9958681375835824,3.3793976883487282,0.6195821505830809,10.580052090011536,7
8.0256805658838,0.605047310587667,0.32014159227156413,3.274202340665113,0.012,17.346310887032942,57.28704164761408,0.9933787343794416,3.0556407427723866,0.8149403119558961,10.076214764931054,4
7.0937271019795185,0.5987539623543371,0.24044560096042794,5.649212617874806,0.1412798837038635,25.007210478648215,6.0,0.9945785689776397,3.2297402254807452,0.8024810698575515,9.552788834516617,6
6.603349276794476,0.382135484774663,0.46002457379325656,1.229341053473686,0.08180495334812093,26.377717065839676,63.06298214816337,0.9949776361575542,3.210005027212072,0.41621576902427126,10.820460847595582,7
7.0021667217449926,0.6255973884112294,0.7330760894256017,4.135435762035737,0.12025656350182137,16.863268697866463,6.0,0.9929611227661241,3.3279802419471265,0.9667914971314454,10.998962989421688,7
9.783962617510339,0.8220497013621825,0.0,3.021184454053956,0.012,8.84260708577807,6.0,0.9945847940892945,3.379780958741415,0.8522689787307447,10.55624259523755,6
7.229161066978699,0.5339967082176746,0.5036534748060163,1.2,0.16506661949460927,18.79446357515971,6.0,0.998868278888326,3.210544882275268,0.6101384362732453,8.669216651904549,7
8.036628176878331,0.2670335110427017,0.28999934319443343,1.7330586685827671,0.0326486527426747,21.84445224147989,6.0,0.9976232448449723,3.2216139464468516,0.5234875799395136,9.774487153149128,5
9.491251684725926,0.4062992244354783,0.5337581783822907,2.867539217252655,0.20644302850543472,18.649536922547874,55.67837955302485,0.9948551287560902,3.2052344414008687,0.8467758105121808,9.496823634735216,7
7.826735009621338,0.2097026992067071,0.4076273571404791,1.2,0.18660429819976068,28.85878351730944,22.444038473928078,0.9953923752401269,3.249920258590089,0.7423881694863782,12.252275245313443,5
9.37671423523421,0.7622470032282916,0.28161972738778523,1.2,0.024728947087144217,5.251306714822842,6.0,0.9990354488892875,3.302123572699468,0.7797892565208373,10.526146657856776,6
5.680651827867527,0.6675389533390571,0.41440435906379647,1.2,0.12540072425418197,8.581751814742594,47.25941608260912,0.9989884876956819,3.5125293016246655,0.7550452758995673,10.100155845154331,7
8.074721644778776,0.4397535310997927,0.1951104034748885,2.8627871171180748,0.03919104267869251,27.401166541186598,10.11479691131946,0.996832787192152,3.1540759285886435,0.8644730651408432,9.802171468376235,5
8.434123364217465,0.2747492140455915,0.12288272980007761,1.821465837773184,0.05694791631389749,1.0,78.77723339560968,0.9989321156174251,3.5796295250341044,0.8035091979790128,10.26640417939497,6
8.339335829266886,0.3800069075163518,0.4240639919636864,1.6320620237609347,0.058008867754073115,10.236449865644246,94.21221739912902,0.9952447823792026,3.1199920585267997,0.5672408733355007,11.204140760634061,7
5.490038213673898,0.4151101461745135,0.10957759472999423,1.680129430767981,0.10805274164883133,8.218826905373206,39.3408864428606,0.9971319838482297,3.4570148868043877,0.557281991116818,8.442002868555168,7
10.345291498932369,0.5496933678236106,0.39205079241189794,1.2,0.10225792915018192,1.0,91.8123273161286,0.9938987333735531,3.236727424514875,0.7185117065235355,10.646276894547704,7
6.847055993548592,0.5436366817757083,0.2758420407866248,1.8610355440238495,0.03052523138134785,13.934937551270409,91.7569360254642,0.996007791690587,3.169712440981735,1.0472568853604671,9.860082752138522,7
8.869563112946196,0.7714577555672665,0.0,1.2,0.10767771595994619,23.736085528828767,49.28359476815587,0.9967533454155397,3.5127994951241464,0.6325363430895826,10.86081702770525,6
8.313539280500462,0.40530412561435236,0.16086733441204148,4.162697595102469,0.07740687105480822,17.541443112971578,103.53061905129798,0.9934983880949066,3.3225899229555313,0.7197307427515262,11.255038566503421,6
10.006306190478153,0.25852618621629286,0.33361925705467815,4.869261608948104,0.012,24.295839745671813,26.047320033936693,0.9978269206287607,3.3166969870049856,0.8100811273834563,9.655793439282357,6
12.01873100993615,0.32174387447438746,0.19285987385738648,1.2,0.06660048360285643,28.415537660251218,6.0,0.9981443831019885,3.2673303132393836,0.5867342422534333,8.934953859909594,6
6.10638037627718,0.5258555261996298,0.0,1.8432184769462765,0.1650400621141873,11.850866510072045,6.0,0.9986211262357443,3.2204547658738947,0.7935722995724684,10.074290994073204,7
7.196846401836753,0.3988379479497577,0.5209425242869705,1.934383997111283,0.06818678025346206,43.69188324138167,24.53317486059299,1.0011350691048946,3.282765736899081,0.6603763660153464,11.777162950867854,6
8.62145723952639,0.47743846180765537,0.30218125974160615,2.255721690736165,0.012,12.273138047329752,64.07853743612246,0.997491757263592,2.81305745778379,0.8704824054328176,11.29415325876503,6
6.420899360160255,0.44827395554250016,0.3543104653412631,3.90214259412416,0.1252799364391798,13.668424228641243,8.506327651805321,0.9965782425345192,3.0245315503074695,0.4974200925693856,9.995943580890884,6
9.629710433524792,0.7082429216669329,0.1800775310861337,1.8473049049284969,0.0434070213186366,8.469984362877838,24.266151922202507,0.993656042281951,3.3704170057266984,1.0513608364824252,9.720722137010851,7
9.733733457667,0.42434617632338206,0.37098304074786503,2.376447952176198,0.09707815972938501,21.626589549709074,6.0,0.9974447096200416,3.4921477150527007,0.6048764708672623,9.80149605660938,5
9.251063429191564,0.4620784261493942,0.6186158274714735,6.670676949321943,0.07891663471581563,12.849714100741764,25.019524687629026,0.9977629224062754,3.5199877078184625,0.7466491118293167,9.011540675216517,6
8.702188976489536,0.6591110446085796,0.13033613311080203,2.34418992935257,0.16979850091043325,15.071631669892541,90.6751405412607,0.9941235766839611,3.1626222332575993,0.6588298109051607,11.239708212663793,6
10.628504922548629,0.42830325601422636,0.5867324140178435,4.972735804419168,0.0789496837501832,13.74526343462739,58.264246808284014,0.9962438340920623,3.3396945187557376,0.4746291612833157,11.43513549577832,7
6.3354366811629355,0.6061782274022632,0.3457271725194814,3.2027827203443664,0.03320430405903053,13.507002254117825,27.51705312911773,0.996721151926163,2.9722048337707108,0.7996534575417881,9.985762792983877,4
8.410955932082341,0.5896673471639167,0.10480777787299592,1.7248074096938106,0.06496416260909425,17.562003308685043,86.65349995284318,0.9977060983442233,3.255886021941122,0.6130669104150376,9.864270902204508,7
7.044035123158624,0.5555178546129943,0.6903542211422916,1.490972417954397,0.029247520994667195,11.17265269311537,47.34438633012035,0.9983268586833635,3.4368486047817863,0.7473723670007997,9.652847038032432,7
9.812857765360787,0.32580865111283186,0.3444116455788972,2.489818367000411,0.07716455855177276,11.66539638987053,50.897265984750526,0.9956805411607588,3.3073054087691136,0.5211275619743936,9.918109006580835,6
5.183320020339065,0.7513593604139487,0.39853094706687786,1.2,0.17018016444334422,27.164940651520414,84.09730627336246,0.9970825855745006,3.2589108400166094,0.6138311892382065,9.613364288795484,7
8.252257428491935,0.9297230833849606,0.21882310010191602,1.2905876470460198,0.14567799785286967,12.818014129245178,35.227764828010244,0.9977900974162368,3.3079535020276127,0.6079435940057667,10.23393181323257,7
8.869905768018914,0.5315890648881311,0.1186979373873917,1.9077151585639087,0.18293595365012202,19.927300238924808,76.64431123171076,0.9963546194577179,3.507558523169087,0.7516045438418808,11.241444097762574,7
6.689263370544584,0.3416561227933325,0.3018845164884,2.910680958698121,0.10952475450714608,6.560336724871307,74.29815231408774,0.9958992216350119,3.2723159448638,0.7103334515959222,11.131193941141829,5
7.235476945223338,0.5352384874985041,0.5704781074618324,5.0563960964374655,0.09372570975922566,11.23075471489484,41.71157036725155,0.9980539009485592,3.321187208808669,0.6279790720544465,9.502600903338442,6
8.32614426833258,0.7081748253054798,0.2111646356847191,1.8210638024824322,0.04008022625890973,2.958114093847854,6.0,0.9963623398540867,3.5439867679289665,0.5951094896441671,10.562436393782598,7
9.92366384505051,0.4192662183711907,0.26491726334091376,3.146125264929358,0.09967438608240217,35.37155105029919,46.91755903930811,0.9944255372050544,3.274838428731415,0.711534722411423,11.091381665611054,6
6.54412231140201,0.5067981468587259,0.5467024096761212,1.2,0.0808730197939706,30.34232661551456,83.91563181451136,0.9993087804258312,3.057975430834436,0.6916116136918463,9.394426510081653,7
6.840635101363034,0.5913177445541855,0.21293789929719428,3.9844040972422436,0.1235954861381814,22.152319429426214,73.47036948574355,0.994636045851704,3.520734834858036,0.6799169631334963,10.551316160650973,7
10.213499210768585,0.7465486133970665,0.36695249912213296,1.2,0.03425401599673359,38.4865785630432,102.76723786775963,0.9965204375696888,3.46640160070167,0.9927878572593309,11.698601063990232,7
7.835941820136281,0.6695762719560874,0.4366965962805425,3.6177410609420084,0.08947607535257385,23.98800353952282,30.365833203742955,0.9973113507629815,2.9686335105339197,0.7518291777801223,10.137967630397101,6
6.978183632263539,0.6770362345158072,0.2326116197133732,2.386705065405475,0.013045635171321748,14.094254691687373,72.13898555289055,0.9975648956713932,3.289951480973746,0.9850856949660838,8.4,5
9.538764155268758,0.45327165979824346,0.32886914270798534,2.3310858801642946,0.1028677918500937,19.811456504462544,13.393132898731608,0.9970222719327636,3.3065869465668483,0.6461839885035664,8.4,7
7.470065104705181,0.6023454119313062,0.39560952775942293,2.0796293949136366,0.11876033843093257,30.188256732530984,53.132112305067935,0.9911099609597068,3.520772221182587,0.6497697459339487,10.732569627573453,7
10.046616610075915,0.4000466011174768,0.19382611322661591,1.2,0.012,6.656680162416334,82.86806813157293,0.9953652239893357,3.307785221047521,0.5720785940406597,10.513972736666583,5
7.17167535913449,0.6821946979793381,0.42499538134809867,1.2,0.024031644076757716,3.5854132337011055,76.3213689254943,0.9972629516621185,3.3355513983487906,0.7093242531607017,10.600876252339472,7
8.028689244897508,0.7372195353414105,0.16607264414346662,3.671128218454575,0.02608893902955487,20.163831249614343,49.89110307930248,0.9964927229042752,3.3403358516983697,0.60263725237628,10.923537597019296,7
9.906451831160844,0.6296054423790721,0.14173335999750672,2.5167114922539433,0.07865162694376392,9.738077797738256,37.68108385173354,0.9976721659703153,3.238222077747793,0.5784131952759117,8.816984933593975,6
7.915356519004623,0.46386609437693327,0.0,2.069420570746233,0.02131822319696916,1.0,13.770060383950884,0.9986408404741741,3.5097734744408156,0.3349488581490475,9.53671120956065,7
9.5852906475337,0.49332911695251236,0.1743421546587989,3.1207571308904796,0.1517890404411783,2.8491998574390323,39.07205932765011,0.9976627060210865,3.187990730161588,0.9071936770272093,10.852677882003377,6
8.188569068472292,0.8551729179191617,0.11505448664465803,2.6418343965097524,0.10749919013087769,12.630044331787776,6.0,0.995314870127286,3.235240987367053,0.5928450029829159,11.187374205825272,5
11.66887607088005,0.4668721199677707,0.1938339483115549,1.389895830084168,0.1151548602475139,16.405981924852973,35.208915812100535,0.995676844960777,3.3090857903238042,0.9087451433687957,10.125132804858971,6
10.966923626974843,0.7189989501411023,0.3862786000637528,5.945394716179614,0.01231474937617319,16.718675543524636,6.0,0.9997997367634167,3.103939853317623,0.641637917189344,8.867463090266744,7
6.042236353862629,0.5910004876793339,0.0,3.53705892990435,0.14777937001982644,36.95456157247218,6.0,0.9963596926133778,3.58187301887487,0.7675794318221237,10.763761256109897,3
9.187814258121618,0.46985543927722834,0.0,2.6778960027033776,0.11753164368463241,13.719934804638516,74.5573141283179,0.9965187244546434,3.309868237666214,0.6706308236717015,10.454713558286485,6
6.912113223628229,0.2879631750555035,0.12767494883625632,1.7809441769004843,0.05492975492567451,18.8203176401291,70.89186561041541,0.9976687643675228,3.4369895229559924,0.7284990873772708,9.267673969615124,6
8.625561795947643,0.5680880685059313,0.35763379378146487,3.8338635648718666,0.014536907538874516,1.0,36.99690610571821,0.9990507211214804,3.162547023830332,0.48646385217635546,8.4,6
8.416230069827444,0.546398155989102,0.32488433993374044,1.397404982383466,0.0834220205157613,15.573076847689606,48.63089317848589,0.9949875979713982,3.419607092671971,0.8589995224381193,11.011239317551881,7
6.505842070942772,0.8551762408626801,0.1246381567469241,1.2795153626430318,0.06507772361902019,19.409088903303545,53.04366762028787,0.9957573781214552,3.432675522619333,0.5956371459841198,9.739325920224003,6
10.099423724001554,0.3751653148239503,0.49218756410972775,4.870655890036534,0.06702843872882289,1.45977544969751,61.64480403136788,0.9936524726722895,3.454893862694088,0.8153650280538296,10.599766822115823,6
8.645615004067428,0.9430583464786012,0.14490211232751526,2.542945246498993,0.05384469618432301,6.093084423811957,58.12411966858072,0.9961368934018688,3.603369975423178,0.40968603497194156,10.560028769471774,7
7.816038839356609,0.5981858953093868,0.3578662573641541,1.4313111385988426,0.12090748764517195,21.036270655287137,6.0,0.997778427392757,3.2240315122280405,0.5297334450416449,9.172786491801087,6
7.5552132987858895,0.5980092598199884,0.20107059776850733,2.507959977255548,0.012,10.163574224724929,6.0,0.9960079430841026,3.2812562175877953,0.7212029570133068,10.847114508033401,6
8.537620848602602,0.4232470158021986,0.10493249331120538,3.690261175387726,0.15420660614560816,14.82331139914527,13.044366733652218,1.00004364455403,3.179831653436812,0.6301823907395111,9.4800272230905,6
8.993472529774285,0.5866471353598044,0.15503731025819945,3.3697562355372694,0.13391147496965766,21.578163949069285,41.42253063355752,0.9969207832662821,3.295180852813589,0.7356667535826386,8.799941064779864,5
8.087541163190949,0.6151491670819783,0.40946007311457605,3.8639671683210324,0.0969022038498875,37.28715780385607,78.09004272241609,0.9965056950845305,3.412273995476646,0.6932892140562141,8.662878032010877,6
4.6,0.6987189125277579,0.33859477757712353,1.2,0.08022797818873276,13.571255388676882,54.21043382498352,0.9960309411899401,3.4039763449247182,0.9687503901490262,10.396536548314996,6
8.328714217612223,0.3539020026334503,0.45393950611754313,3.8288088263447824,0.13790338081101838,34.47657982821315,64.08098891743757,0.9941162735535034,3.562675847774005,0.7498586354711909,12.105689482409964,6
5.8494804952633785,0.783220554041847,0.3385873556820455,2.249317713528395,0.08501381966359622,1.0,16.99259465480915,0.9965283686195308,3.385490359844328,0.5844443152545539,10.443893279180505,7
7.943930638396572,0.5950547942789564,0.0,2.6247410733854273,0.07391381422739672,17.45781001616085,44.173019205758834,0.9973809345649436,3.3100865257422583,0.5911498188565817,12.307979543194483,6
5.91224076298161,0.6394812011553161,0.6717388185186708,4.193292291102691,0.1405197491892366,12.392063325500075,48.65445187614226,0.9964756674637479,3.141870587899452,0.8627017158787873,11.950239345032362,6
5.891954020364906,0.4902303929291431,0.3412821126711091,3.483815942579805,0.18538959907734653,10.309180667281828,21.63823200581924,0.9971391152149941,3.4434133361828594,0.39818193103231025,10.952425910225891,7
10.399707097312499,0.36293432510977097,0.36778759533376365,2.9914734733365504,0.04136267929969996,22.809709543346962,11.311479096636106,0.9954257151508303,3.2858995558519597,0.7530631484204734,12.08470569149776,4
7.755843632394537,0.5430904329325917,0.19840084089565352,1.2,0.1069655677334089,13.646483013455189,39.04230113354035,0.9943350266858544,3.446912432847092,0.4683173393395844,11.963668026633147,7
7.625674328302741,0.5637131989681793,0.4815038757271346,2.436297402467599,0.035939581739755304,1.0,68.25467585297885,0.9964982034857339,3.244585168346009,0.8465686811088154,11.661204703649611,6
9.120290883008606,0.2806229117393917,0.06230956348597694,1.4014544574012995,0.11057706506626033,1.0,16.727096014757567,0.9971191531536219,3.4949089936822877,0.5845204151034963,8.4,7
7.669996110776832,0.6727913729297226,0.3858675247560637,3.495463426156308,0.0504254705163515,23.481283062742662,39.65045909151373,0.996379487033534,3.369492813065607,0.74746012031484,10.146684083012442,5
11.876470356616597,0.7093744341013846,0.0,3.8873414618499256,0.1439427680748528,1.0,91.07915896983889,0.9970866796470653,3.462806827366317,0.6643228573655138,9.657744512715091,6
7.835866406765768,0.3986603677121972,0.39866961905653486,2.0771565681041313,0.08229438810782136,23.762622402398172,29.413670872010815,0.9981756207297419,3.3694151562941306,0.42226171837451454,11.653109577663754,5
8.920713200371118,0.34593463695102356,0.06488542178850842,1.566141933895838,0.08918449745262504,17.210121623067142,46.73961027395879,0.9981683846936062,3.1674981987984667,0.7668543924340648,10.071241977339902,8
9.950600263340664,0.47546695216262586,0.32262895888115384,4.6788211137223055,0.1636624095804124,14.112012415829088,43.02220413589986,0.9983290055938338,3.253731874878075,0.5354527375283685,12.274971667590663,6
11.023830483531746,0.534301117457534,0.5278946886817732,1.655593406180828,0.0525488628017188,15.044521181418137,40.32165543366304,0.998610119448766,3.1128159662738453,0.7943145819826223,10.508671695444802,7
7.038589569382013,0.4824492182152399,0.42631630115508345,1.2,0.11918758312296276,21.304959211890875,101.39293160658889,0.9976444556879062,3.3384354619769616,0.4876600309100911,10.370091220634016,5
7.589462043474304,0.5190347901012591,0.5026325173223367,1.3342603857734787,0.05722768823146612,3.5363972771323677,56.55928386722058,0.9973770190761888,3.0847543712535503,0.6991511556302331,9.994846996416962,7
10.466806187998976,0.5698659855816649,0.48296120429308365,1.7230008566401058,0.14322598456062752,16.34405648697612,6.0,1.0003916267262045,3.3552569366249227,0.6646409668247841,10.202462162388853,6
9.677105916889577,0.2837115910293868,0.17038627884712304,1.2940917258706326,0.17097750609502516,3.935220662146712,96.78501295225468,0.9981888776780276,2.7525912758248645,0.5555607517592798,10.68755684979225,7
10.12779909063638,0.30440678708541236,0.3836827330234923,3.683547936589301,0.07464336169987659,17.618270148030113,55.54136287339735,0.995094182704104,3.4347296843279826,0.8925575108592061,10.32929607659337,6
5.973202275948564,0.12,0.0,1.2,0.012,22.688006255082694,34.209403435817336,0.9931602109720373,3.140034932271053,0.6637021559502165,9.902589132556336,6
10.931599581670833,0.6996581411216249,0.13948208059059233,1.2644154239762593,0.05465755807887528,17.642431559529307,90.89665843551737,0.9962418102647029,3.163096914132628,0.5863186895770959,9.96598021787136,4
7.0056071764158325,0.5327408637111409,0.5346044287739697,2.433503576363192,0.20133390722902247,22.290322721271185,20.881100213185487,0.9978870098503149,3.5212683783203382,0.708788397527619,12.348491157383052,6
8.626898062841224,0.7186132036637283,0.19684300753901807,2.7943447080032104,0.05917063292008417,8.549844231520483,102.94653305577187,0.9985220052041555,3.3592466652461894,0.41053410647910243,12.53733752273666,6
8.048021108093991,0.3252071607539494,0.0,4.868568772534417,0.17023799406870885,15.247109429633941,49.56965694047274,0.9943240991271534,3.4403356235713662,1.0747887749031853,9.896246686012578,5
6.806579177868281,0.5343933211159692,0.652602794292958,4.66333279786916,0.05850455846392544,13.401253962188592,79.58288606650326,0.9980859016828657,3.155178424497598,0.4734317255605709,11.308398216864752,7
5.898689202184295,0.5686687711009882,0.37682755380224675,1.2,0.057343030272983486,12.713886435061589,147.4208194712008,0.9988559034378623,3.458131968398297,0.7518044902393591,9.514244498979833,6
5.335458201724075,0.42887915093059736,0.41525086185810023,1.2,0.12362181611903778,7.493267773255173,52.42501162688472,0.9978566001025746,3.288830579460192,0.6683899414585949,10.05029260029722,6
8.502331290291758,0.2503829962759773,0.08371078836483944,2.5349597673193984,0.11798902676824825,11.365863231038105,43.314230488678284,0.9974898784689616,3.328114093547526,0.8586728207321491,9.236360005429082,6
5.706957546603126,0.8442568405043283,0.32397074840067536,1.5575406689516769,0.12705218652212952,4.216601752431739,11.394726008854796,0.9964476598432753,3.539505721317072,0.6882465717134568,11.491222179251688,6
6.3725134883523,0.7818710014286092,0.318939244468947,1.2,0.087230796252487,1.0,42.53323197229284,0.9958259960781876,3.1309141212978386,0.5494902027310766,10.918439634551824,6
7.929339007063027,0.4612521910894344,0.11391787724150174,2.5225692564449163,0.13561492460668428,8.542475064322023,12.409948593704783,0.9981925380078063,3.450607541635524,0.34214407576823475,11.122728607185012,5
4.6,0.6218409761305294,0.23773425975059992,2.822976245668208,0.13219050443228653,22.47257631220222,40.348738670504666,0.9978083592045089,3.3693531672475356,0.35538244968910393,11.350435416970084,6
9.624265510474803,0.44273767825575927,0.0,1.3254441844981515,0.1410043189609198,18.35769290608464,141.73510789257267,0.9960784396113873,3.2771840781022163,0.6175366645801174,9.469516939683935,7
4.6,0.35082735145554544,0.20412518875355967,1.6262813569475085,0.05769272440094041,2.705666355403828,50.434772705512856,1.001530002062473,3.1415031485226295,0.8909582776168292,10.052872844693086,7
8.168466934734287,0.8589070708922625,0.45503078887936566,1.4331418616572906,0.13558057253060882,11.636880789505941,28.28368072609701,0.9938313820738813,3.2754549564068567,0.37373466396094557,10.876398628301397,6
8.325532685210293,0.23203360134695572,0.12809883079150386,1.9239122622902074,0.06249720130404382,23.17087558432544,39.600275272528826,0.9962589506196756,3.183973720838899,0.9723926945663327,10.030243182284108,6
9.214704924309077,0.4786093345451993,0.6323865889210452,3.258021739145632,0.0796162421904931,11.190840617235446,32.94943096490087,0.9952343452906576,3.4927754837377507,0.8427794430055588,10.474284893475968,7
8.229142635937182,0.5451782889036021,0.0,1.2,0.07865152923170496,1.013454972146489,80.99242162635952,0.9974299341745416,3.32413078232035,0.4287179872982768,9.544297186710269,6
11.730443538516507,0.8272225841637115,0.22056668353883713,1.6030410091033587,0.04008911618545472,39.6050997373506,43.531610729084775,0.9929969690873848,3.20574657517656,0.47351956113754046,11.822811946819849,4
8.667738698666453,0.6913859577624833,0.14527830691331617,1.9410049996802976,0.012,14.146932278144023,99.43241827329223,0.9991116059185574,3.0886092094388204,0.49064725351031546,11.404227886651015,5
10.091141078714223,0.22899504057788267,0.23576564203915484,2.490546632782804,0.1445150299977219,3.682421550010325,36.100333554720414,0.9986103556366484,3.238690875956142,0.7088788151500617,11.723673402753748,7
7.070113224920512,0.5295049566138472,0.5305802086067752,2.8863782900774613,0.05399427150893225,17.69826702111203,38.22304178581509,0.9972079734311099,3.500380209084687,0.6484431419381598,11.105258907360666,7
8.505286570522095,0.5337908357055847,0.08295345567182164,5.359160976715108,0.07432223294497065,15.001165010716278,16.995793709732588,0.9961103845599698,3.327160579239544,0.6420832763853365,9.229552802750147,4
10.930869161549175,0.48889909964610045,0.18425859912338932,3.3009760046517465,0.05265631133536349,1.0,33.88673541560426,0.9980609887160754,3.2822505567917593,0.5722125618387897,9.886906067217842,6
7.8959182880276115,0.6415656393554542,0.3943560930173965,3.334303885854833,0.07493723677499199,16.880373038433234,6.0,0.9973245421573878,3.571597975682673,0.6882921762437088,9.649146242315227,6
8.626799099131894,0.27636075300392415,0.28770016818435395,2.126741781408648,0.06322256180155886,26.229222869654286,6.0,0.9985088314361257,3.246159898399681,0.8003126235861575,10.12471586754704,7
9.967450863533708,0.4564455357433994,0.30328324036871057,1.2,0.14711694186379382,13.454442821352433,67.05175333669533,0.9964673396542784,3.1855187910559812,0.6362062990551339,11.531807154367524,4
7.038209815674222,0.6161873746783536,0.08659749547608409,1.7605003792103049,0.05924630501595206,1.0,6.0,0.9963551990155235,3.372229800589405,0.5453454111711333,8.824145908799519,5
4.625347433357373,0.6523236233289155,0.2563991403955255,1.5055345136991518,0.16758404494476736,19.49017691118769,59.85626492312136,0.9987477010936152,3.3746130586621987,0.826658261595757,9.775505813725067,7
8.734475211311027,0.5568955052316554,0.4849999057925095,3.0491229457763924,0.14054575576226377,22.230450475105613,30.03365364010655,0.9979039578404556,3.219634523649454,0.6203708113739247,9.977899969746801,6
9.980737587908605,0.4780894039459462,0.0,1.2,0.06470099139975949,9.742673193306928,77.41050318417646,0.9963693750808803,3.1871595331666938,0.7518347917754331,8.994002169969175,7
6.002542199683649,0.508410570747235,0.1375112613671848,3.329547207422142,0.10203114683542036,9.819853185938141,6.0,0.997398892567458,3.532848826467146,0.6410174115246978,10.619091332660984,6
9.439373825371476,0.6632732820279027,0.0,2.3358645747895648,0.11140927749106527,39.6074911527053,66.18245177011694,0.9970511469184633,3.243320170042768,0.8424571090554203,10.03408212833032,5
9.450842858477214,0.5361021411425828,0.3720253824193108,3.526687525764653,0.12655553857664437,8.988749862157922,57.40963849578111,0.9975876870163728,3.086411463001532,0.867651307022578,11.589644003354607,6
4.6,0.3424674418207049,0.5028394036097492,1.4865285351840172,0.1312019493629072,4.12024985349036,58.426783811770136,0.9991119563745049,3.3397019301807123,0.8617110746755502,10.105617961637787,7
6.7083093249084875,0.30797043488991743,0.2351521024145119,1.238082399220856,0.09577173485609872,16.163697882273116,83.47627272072505,0.9960352462336864,3.4477670883156617,0.5641810712984145,10.891068109383724,7
7.6270910727561745,0.26186526414150035,0.07895119724209357,1.930663793346179,0.04214211431683022,21.93584442058919,48.81244450723251,0.9954753494294072,3.2806462854930802,0.5624400093470903,10.523034344163687,7
7.994639199600098,0.7920045473280837,0.0845131742236383,1.8970910461446437,0.11712175125214017,21.49055415145832,6.0,0.9972202046580438,3.3927175901455446,0.8065355990755265,8.4,6
7.0366717498944285,0.6753431304102401,0.2135591305041789,3.628887775504902,0.0758842003534964,1.0,61.27565618371373,0.9956805478671397,3.148710272272167,0.6470217606290317,8.864394215629078,7
6.945095233910291,0.5108321810275015,0.21283431137561026,3.6155267662798916,0.012,8.962319188165793,57.0172289537521,0.9949692556792606,3.4067519580546612,0.6521855594566907,10.810388301784727,6
11.141520915009558,0.44831735267046496,0.4432480379175404,5.1670323169495855,0.10534308842179865,28.00532447385177,38.451834767942046,0.9985877469518941,3.1628968175435737,0.5398648278154604,10.761619143776315,6
8.117149475839856,0.42669259856587566,0.14291355345582754,1.8063109976749452,0.052496827591779156,19.33023938608791,18.805671337364984,0.9961543082584118,3.3569966702018577,0.8976025270257963,10.326523255683993,7
7.118425777745443,0.7267826793647978,0.35266488425531334,1.2,0.06545576038787672,2.9241901791825278,34.625754273520954,0.9931506806015156,3.428221101269713,0.8348837484140696,11.823242639493493,4
8.230011889248665,0.8727980314714534,0.21196069444290502,1.926808397756855,0.08728299338338451,28.94529773291015,94.4701666517555,0.9983100898549853,3.325200411135962,0.6377731974535084,10.945672972557984,5
9.213054416203946,0.421029273693043,0.12849617850443093,2.8229210952917,0.013978588961612762,26.03142605061487,16.235031913518668,0.9958675121393206,3.1197410338530807,0.5482831739200213,12.080216199254156,6
8.387764840409055,0.7349147937180277,0.20722854796521428,3.500342967473036,0.09353494942432915,12.785683115759847,6.0,0.9977978813484158,3.1264199472553242,0.5407575080303525,8.4,4
7.9502630955924465,0.5350423247646001,0.33394229255548624,2.9250459797972073,0.07211475011910931,25.134405461516934,6.0,0.998758538476361,3.555340642702545,0.6806505087196955,12.255538385877347,6
7.19497166326023,0.49176279261611605,0.4438373440775235,1.8052114536744213,0.04577066066331601,36.897436235559205,45.338764324492416,0.9970603300543228,3.191706225402049,0.723750883515235,9.750346326056455,6
7.174377562705082,0.8007585709093862,0.22212509443988698,4.899830100381779,0.08917336577585536,4.829007949923131,101.47098241869642,0.9928325890857528,3.4278290919873307,0.5113883076449741,10.426604087045972,6
7.283725742974889,0.5281701702663002,0.041251755148423774,1.2,0.012,21.73218491313076,119.03958875637117,0.992969026764664,3.3282298863411874,0.446371836254267,11.669845937264315,7
8.875984821378253,0.5833455990658345,0.4599458126204337,2.1154972120134268,0.09055445858434896,36.75242014892408,67.89261666089006,0.9954224244469909,3.1553777074028853,0.6715412179767304,8.4,7
6.6098938429169625,0.5746893079240603,0.09934781720109825,1.2,0.10911814893465788,22.75681030960306,14.217008291037963,0.996591972460257,3.227955338922972,0.8049926705363132,10.128932896609184,6
8.968557679899378,0.23739211400129873,0.31955640185873124,2.5274074669262405,0.10134668700202583,7.97897997667482,17.709481248161776,0.9989802690163002,3.571774284119623,0.6705515385656218,11.479432429896969,6
10.702091084565613,0.5819140067688912,0.2652817931362867,4.724608062282018,0.12407755775478617,18.40858902463457,75.31504811639165,0.9972535339223058,3.84740573184912,0.615607467480825,9.739756726668533,6
8.85370250828244,0.42871543560075814,0.23987168245421842,2.3027037065416622,0.14177156197994945,30.283774229499805,90.31080564594191,1.0016728193440467,3.2611339007355564,0.4658999360642824,11.377702592695412,7
7.671704600840868,0.27419243477378824,0.17747450296427875,2.311280207069129,0.08317665682931981,5.234452097296311,25.378298882485275,0.9938662891984535,3.250497750972672,0.5502220485056215,11.123728440083061,6
6.093184295407129,0.4369153255192228,0.3878282682789382,1.2,0.13848612577192063,15.583984573449406,93.36442128244929,0.9969304544787102,3.0577024292128314,0.8073302065163013,10.581008556066529,7
10.982781573449575,0.43543000346534977,0.0,2.098210939892602,0.083000997214402,13.34343037129181,38.9474703081776,0.995853605315143,3.055913029627726,0.4449546329888819,11.040822582401221,6
6.31096999398185,0.7153788570434596,0.4859293965897371,4.110681870046692,0.05412533894318394,9.27017781408163,69.99994281373523,0.9971458121922886,3.177983207330555,0.9593629272985005,11.785257635001939,6
9.742555458608772,0.33851786910163434,0.09662352286513332,2.1496693680800956,0.06854072093533725,18.436326119002157,84.1858638578023,1.000028181462178,3.2414694636891888,0.6724620936637676,11.044676037695488,6
9.385480363010625,0.3878274609711342,0.3475118128526231,2.0550937005227645,0.09954794672396797,14.84246883241224,6.0,1.000148336476816,3.306081960416252,0.38832303722757866,11.394167882908766,6
7.897493374961099,0.5723698868986423,0.3374548674076365,4.04800040618061,0.1380033588640989,22.65517688548239,61.35233541895135,0.9968034747016633,3.416280601615256,0.7435503586591278,9.457015704951692,7
7.852936033572848,0.29135712115623547,0.5122457025839555,2.0610102418412097,0.08706875417624814,27.880179689692532,93.50233969807886,0.9983368763875208,3.3440149388173253,0.7345376776478674,11.022733370726376,7
5.179290834130265,0.41137878351817997,0.30757233575223314,4.308875085117972,0.055338127034649985,2.5352805852335667,28.05412083013424,0.9971095450012261,3.4188331044111555,0.5836049358712883,10.92362053424472,5
8.861110501381457,0.23039418764002007,0.11246925567953142,1.2,0.1548802222005578,16.609076171795145,11.738470769509,0.9946569415836722,3.215451875652363,0.8176815752055975,11.602565820483237,7
9.353874765072868,0.6956020628009714,0.0,3.448995564777442,0.019563623966707203,15.342175543078204,62.778440822360224,0.9967272087641893,3.299097966521553,0.5526250531792779,9.16094466873718,6
6.448563802548733,0.4757546383207666,0.20372740057413485,4.804860890773639,0.05564134692961271,18.035854070590613,50.89028388054696,0.9957402921107181,3.2539286138354058,0.7654378126395704,11.548763015912854,7
8.035103493640525,0.5271347878995964,0.0,3.9109996564368785,0.12896086577666846,15.737556129946023,35.7316973710729,0.9965807380934626,3.1149250118717378,0.6520873881222798,9.459294578382938,7
8.364365255515215,0.6948818575623963,0.15058771580095645,1.2,0.1700234905872654,5.603039421584638,46.42720184232403,0.9950810349201715,3.006002158922919,0.6097901827627048,12.904488321565896,6
9.293773467514267,0.3999916009423004,0.21440018213726103,1.6063754619967627,0.10959201941835855,31.17487012139118,6.0,0.9969947793354967,3.206952016397231,0.886309163215851,9.44933499566318,4
8.306465229409419,0.47384233844335927,0.13891596417450433,2.1612678654791035,0.0987447152337,35.64799203512781,59.807238121782795,0.9972807354806561,2.9279299166355535,0.8252027847092859,9.151552041593094,6
5.535257098265308,0.3398609601249666,0.2779369948993333,3.913937695389913,0.07332933700103828,21.642341886242686,98.89646944069764,0.9980380808805398,3.1355369623514986,0.46973166734053895,10.089159478223516,6
7.399105791913769,0.3394693302207538,0.22514023792535054,1.2,0.11275934442831527,22.18006868749213,22.987166516104043,0.9972887338942986,3.3939560970282256,0.7226513064156209,11.521750427629904,7
8.681863835161334,0.3642950790789418,0.20773955714753145,1.2,0.09308028053750818,17.27601622159232,19.245082988184798,0.9998057568127756,3.3377449705712383,0.9798868948801682,10.77990100845695,6
9.730598181467592,0.44135172964994024,0.0,1.2,0.05153702636131649,26.076633828679526,52.17728137730008,1.0008651846361603,3.3132962229917244,0.8907103795026886,12.197066971527637,5
7.250017764029781,0.4607368038488483,0.024006015669745667,1.3438796498770604,0.0724772928865871,1.0,140.1293681145082,0.995931389693522,3.4918010488496853,0.5034071556518424,10.0784686747811,7
12.019004786735033,0.5819537871617084,0.39210477905242647,1.2,0.04623003815601198,15.859446072685454,82.68615969990913,0.9985431287984968,3.197815001553748,0.9293165549563351,9.875735360854385,7
5.07939578297716,0.3695809493524581,0.42280869186001446,4.737068204274971,0.08763993387589886,9.887416471697128,43.401649582406066,1.0007177403380259,3.4150208977217127,0.8161063235279578,9.614132624838833,6
7.341709702401569,0.5875338816651458,0.0,1.5936718210928473,0.09460645523300226,17.431090029223537,47.80280111391533,0.9985926330544794,3.1857045453994406,0.47974268039779766,9.836851257827849,6
8.158842874062286,0.6173002324741811,0.11520354556551501,3.467295408982012,0.1638160103364449,27.372589434317636,85.94206220779103,0.998062914638461,3.352727801679012,0.6933047126823222,8.904980756860688,6
7.958726421960131,0.4457920070901921,0.47367341984383415,2.5251573101064184,0.05892233509254079,16.099858850268806,16.581554356293267,0.9932384718866364,3.3336464773560666,0.7392025634762353,9.705761140999579,4
6.205358039314785,0.38514957696469143,0.1335726254530217,2.5055457932944227,0.0785034925242361,12.114830443957953,66.6263317592589,0.9956396557286569,3.341958024208283,0.47492160313632037,9.104783628762158,7
9.06136497117805,0.5453142257563982,0.2488167504462287,1.671978652644785,0.14618152211112062,1.1656541877253037,9.735730207381181,0.9959170024950509,3.2504475006435816,0.7780360027922196,11.169297942074651,5
8.930859887233668,0.49347485665811996,0.5439430125130225,3.5780314819829906,0.17183919947152085,14.752596621706903,76.92969261729009,0.9993356623550541,3.3591755704552324,1.0710585243866197,11.98380813558595,6
8.38153445816863,0.5696633292692382,0.20130031082575522,2.716081925699277,0.10931141593773726,22.958915817562136,36.82890049615228,0.9953118418713753,3.3712159155440107,0.8900884315056286,10.637154430731574,6
8.864134567539477,0.8125759585267941,0.174103312064448,2.635441478114666,0.0750825309419345,7.068574666374332,53.10283672049223,0.9965377881080519,3.089679512886929,0.6855380184215557,9.678927483202115,6
7.579580100538348,0.5423546687169888,0.2401630287874004,1.6692111457509076,0.06476816963826515,1.0,34.69297680783842,0.9982965233626185,3.4406683946106096,0.6101670089603687,11.196375134475621,7
5.550482984815435,0.41493849896957624,0.6221480516009674,1.898313703385771,0.012,39.7795215877193,69.48679273772406,0.9952261712358546,3.119668878213563,0.7138260520640105,10.357992138253485,7
7.081712220911185,0.3696398698504295,0.3547783488950012,3.324475564605595,0.043394889942501944,19.41934258305731,40.75296494420557,0.9972302704016089,3.174887945413372,0.49221297508494005,11.485887069117377,6
8.566992788396051,0.37660370636211493,0.27362550927815593,2.822077856163701,0.09177343390466956,13.573477319794936,117.49726847032973,0.9969826694685521,3.3472632518805323,0.5768173853030452,9.388392185365555,4
8.576665505238873,0.2667020647199983,0.17037160842049914,2.6728612403119563,0.07849366429732686,30.50544545464591,93.18074370449278,0.9983665092379788,3.4020786801394367,0.33,9.462676907482038,5
8.370344389395942,0.6978938495022042,0.3723752163544134,1.4443405116654338,0.11630017477776629,17.38553308557994,6.0,0.9979518133681418,3.3438847746266864,0.7318751229752777,11.176990260085853,7
9.232804055574555,0.12800981251596244,0.3953429562868517,5.221750784935693,0.0778254690190291,29.886334022127954,52.79890687933286,0.9978918548249377,3.3601363026948357,0.6006248495518843,10.378314435042736,7
7.312051722734973,0.617858867189475,0.06609608319966076,1.8284105646190474,0.052875307058051144,28.986792766710842,70.68660713244637,0.9970814918237442,3.1349501070672923,0.7630687486824894,11.391758068423169,7
8.345357797087912,0.3737484967984585,0.4004593564697704,2.457646273584411,0.1030431801892302,2.51753082420613,31.426558089283265,0.9935156836553549,3.2293540980394506,0.6783608968619272,9.481379220035823,7
9.272557723288367,0.4377670613676588,0.2412810655415482,2.238152919575391,0.20474746653725284,20.729943472337084,86.3904835603501,0.9969653580426043,2.9942426940804507,0.48616305301299373,10.86400835065039,7
8.155687308546,0.36836222452201006,0.27471174057943526,5.236595676165804,0.07208458913236321,34.01549939817812,82.51401184344797,0.99680507795208,3.1685070624328238,0.6920831308528554,10.984741388613175,6
6.186349321709633,0.7902556387355656,0.10198508943221954,2.0928595422093776,0.09352771350323269,5.414167751348026,43.750791999954814,0.9981564350283653,3.103390677735209,0.5367100916208246,8.755280291717133,7
6.665469771585586,0.5329368083034398,0.19400341471250712,1.9647212826340854,0.12680550231699597,5.543066783450403,78.7820025860143,0.9958964361444949,3.3120514370065828,0.9394236237535303,10.396339368285568,6
9.712448951274924,0.6722681345077135,0.07427296960766253,2.6656356073633374,0.06013393559624448,7.31938877022885,6.0,0.996779418260986,3.67284386025232,0.5146074656328968,8.4,6
10.667202677002374,0.7640948345472811,0.06513854767790289,1.5290427547529406,0.14681960422186296,25.249395147647178,91.1646520852081,0.9968393858775209,3.427058604594538,0.5780874676326475,11.972743125767307,6
10.297981283300885,0.5594129853240327,0.34164714188108813,2.656239603662119,0.012785114777457335,18.886049985067736,75.66613958828478,0.9953461461574288,2.964291518945255,0.4856884164131754,8.990166460818452,5
8.69466511456146,0.3147877212460618,0.2025278525658094,5.820245012234878,0.06783683018837493,1.0,10.715403843341612,0.9945087724585183,3.076283839662893,0.470961855454254,10.197885157391728,6
6.254674576571623,0.49028430497916103,0.023068842726140987,2.919573777771528,0.072372617817098,19.4799342969278,54.786863847054946,0.9974268275589406,3.1099803620127826,0.6631107037411519,10.394755419684392,7
8.289202353486123,0.39639535755808364,0.6836400030227915,2.868544290417214,0.09410441402691958,13.254893204852845,6.0,0.998614749843738,3.039704454481543,0.44626666512977864,9.370515490312332,5
10.955833724315717,0.4393692508602862,0.05631554252997209,1.4949331499271032,0.012,14.721103379173229,21.38336247903003,0.9955126710713962,3.2664984325393833,0.6260579820409314,12.378649010241963,7
9.351430246776008,0.5129677173231281,0.47749956259367343,4.892890016094148,0.15057877504907147,7.111288987368292,82.54653422291139,0.9962862417033665,3.345228359353446,0.7311037526055292,9.659886539094355,6
7.947288211437417,0.5058519844233924,0.0,5.214645781117171,0.10646822649268922,19.556711325898398,46.07769038847052,0.9982761435184279,3.110880871755781,0.5859805183657838,10.111321297178213,6
9.368662895830068,0.6041796489836516,0.35673544368188115,3.693752526157815,0.139773077938459,26.929811943223065,44.25612220397515,0.9984607460987185,3.275651206552036,0.33,9.662236808078557,6
6.142028148753473,0.6303147728804877,0.22239352996244868,3.4153665122873305,0.16281267966080193,9.15935314300896,47.98794167227175,0.9971397083897934,3.3439128305123,0.8847734366891865,9.653148966024053,6
7.117358657658057,0.5058538682720377,0.1504792210419031,2.171328507985656,0.0521935024181583,1.0,44.14996463878608,0.9974869830389171,3.417642276025094,0.7033191670228311,10.283390082438494,7
6.456874635262048,0.6026244052594252,0.3073810415154842,3.0478726131824714,0.012,12.717299624074492,78.98841168827113,0.9977108946931231,3.3340402242822598,0.7053575844944865,11.152269065701363,6
9.098272091192337,0.43111522611162056,0.28182937270257313,1.3307793531924899,0.14087920553895106,23.84101065032341,26.1352416846653,0.9980509645624973,3.360881771094891,0.61854934293834,10.571340333453845,6
9.513975949524157,0.7666603686073706,0.11563161510041145,1.2,0.0735400145018508,11.479181368443804,60.29648582345823,0.994664303155747,3.3042387601812253,0.7958518143782657,9.588374292375386,6
8.038495753762778,0.4282079681208237,0.10702961265047001,1.2,0.03374108069401314,1.0,8.84207882556003,1.0003426997391784,3.1538134971922727,0.8174592086655034,10.393267779296432,7
6.816019549542738,0.7454935672320371,0.0,3.074943562584718,0.11408608369290396,23.914049913653493,70.88216460997481,0.9972206074146412,3.1874910451709906,0.8344550522697428,8.937304352117476,7
8.266426540991134,0.2643079234810901,0.32805723302783973,1.2,0.20278717581021619,30.761155543482282,35.92689074906289,0.9980866810143972,3.1062893001551646,0.7036829097930977,11.666089611783596,7
7.472814185854528,0.4615266936660477,0.03177708285099842,1.8005104356425239,0.08188139472849838,16.110163276164702,45.15151016941219,0.9952525719274032,3.5407986168685532,0.4240842184963144,9.858618422652686,6
6.946509802020635,0.470423928749551,0.2707552417382647,2.4142788747172323,0.131702466443209,1.0,34.58457611155691,0.9963467886791663,3.083736950565983,0.7268793325815572,9.915865861764544,4
8.87628926502572,0.5802185230547253,0.3825708169829361,3.8934065593308436,0.040587368706934975,12.562779308794788,38.74700312304984,0.9974162690317606,3.456621516706014,0.7034636159415705,8.4,6
7.011413221718255,0.6851270245793882,0.3095304560465703,1.6904917667307122,0.012,17.491158248665343,13.444507110464535,0.9932716253272555,3.085237786011943,0.564729574436115,9.857834106381869,7
5.637205453961044,0.305108863449285,0.13260505337672093,4.058581237835149,0.1299552020581806,7.398010273856878,57.33232704504208,0.9949878339027165,3.428185625558183,0.5216844639276133,12.200084767858643,5
6.015005400382583,0.3305630524322767,0.44267435815649414,3.8148224784018545,0.11266543907498858,22.025408428349856,64.74844880343437,0.9953219575903235,3.4597077323126144,0.7503165213271958,11.054327570263414,6
5.574457206412887,0.27765654781107724,0.19248541916076195,1.2,0.06511196677102349,6.371658293552107,6.0,0.9942705902613402,3.4874057771405083,0.6451077575583127,11.586626917462329,7
8.720770258179549,0.7676331554957152,0.01650945578905172,4.071955691439385,0.16719230747719355,16.169090560221264,26.87844309326434,0.9969015571494909,3.149614167478989,0.5916794827983631,10.524773551326533,6
8.55568924489948,0.5835688897034821,0.21609177415387726,2.1029864290018496,0.012,13.502618114447191,47.487455422086946,0.9965592429420743,3.3352989297074798,0.9423090254604269,8.4,7
8.470884160663877,0.3348131824777179,0.38149150181709796,1.8014684267837147,0.029188586431665074,22.366475380575903,26.80447625324183,0.9994050438890395,3.2175009260954295,0.7721621286867529,10.474474218792883,5
9.299143809215902,0.45024292268790733,0.1418612802620759,2.108905414421345,0.061485223046630746,15.750173635257143,39.16916889325675,0.9945707164216626,3.173461723121081,0.7318711777189921,10.61529787882,5
10.326330055399099,0.7427170512190691,0.43685465884435787,2.4950919825378564,0.07024934065593155,13.836837149167769,99.66974726212149,0.9971460219189756,3.3167536850457604,0.8651334878340726,11.358333881044478,7
7.293146897597305,0.47993853854397717,0.12363804760864638,1.9189375593873113,0.15587167125384502,7.46991497754375,13.002444358395884,0.9950278290240898,3.4353394932850057,0.714164399019486,10.360687873044473,6
8.991011711305312,0.4693061351975889,0.1494994931997498,1.3244316754942538,0.08931230307710585,16.265074653229316,6.0,0.9934374338041717,3.218346934146967,0.5383020231524254,9.574183620367394,7
5.61465363741001,0.3893665927718495,0.07124498698788201,1.448242168827457,0.07793116248881093,13.167821235731113,26.801460175122248,0.997816827322618,3.36069233742881,0.5917689570092799,10.293855465888674,6
10.643806568647697,0.3455013835126227,0.3999048120125256,2.694519933585622,0.027309681913828314,6.759432309605922,35.70354636416813,0.9979741379847361,3.1702065076143597,0.7824302612877803,10.03378151655013,6
6.183786895029134,0.7429982858797682,0.2598839116830515,2.2753510274561375,0.13807177646655192,17.574655756393554,30.37933068180583,0.9977490255019655,3.149340514987145,0.7642225963675469,10.96029968993839,7
7.092862097631257,0.8313022859735708,0.0838452299286449,3.238233570759389,0.0335778784770398,19.721699070589032,55.343888387289184,0.994198657335323,3.2600419503279903,0.7338732833510012,10.296241546094553,7
7.283893826653744,0.35266500749827745,0.19472003496659035,2.5733080560845676,0.02709326930607183,12.346724168403437,12.676110101159665,0.9968588159942305,3.2692710372490756,0.46459065967198676,9.340551385833672,7
5.70533930557224,0.7828896192592616,0.0,2.6078195943772617,0.06818786737548288,25.68147692616945,7.833284163983208,0.9978349849114927,3.4128383603318126,0.7962705118765424,11.00658280583651,6
8.355378481594556,0.4422699050677811,0.4178147490586623,3.329937128768002,0.09467011915879285,18.671730249079662,24.309371962872603,0.9985091044246959,3.117265187850837,0.6469476501277305,9.609422473599164,7
8.663636575942519,0.6260566391663998,0.23755813849532162,4.486485300677757,0.05315329779246555,2.4195341879842918,24.988376569835655,0.9978937599662665,3.642429777038601,0.7599900735199445,10.061883589974856,6
7.977996759331366,0.7838384848665935,0.0,4.5426312876086445,0.12022982263900746,29.942636946593662,116.275667187526,0.9985337548362925,3.0339910043092857,0.5168720992114941,9.90360769685561,5
5.681579025547171,0.5038862127733462,0.0,4.376568988159905,0.07370011498190476,23.953373279490386,97.57552432684147,0.998728021698862,3.3451222976185915,0.9922258280189832,10.653828571516513,7
11.67175659924791,0.4709704543518754,0.18989712811405543,3.7186288376378305,0.13648014016174448,26.419227718246077,6.0,0.9968992435628494,3.2660983355925146,0.7000743036660646,8.932727307423649,5
9.233692354052803,0.6741945734818735,0.020307555770080976,5.419574870929008,0.11074019876790447,20.10528104705909,6.0,0.9976472073650958,3.2101554576418247,0.5870169577647826,10.434355823039466,7
12.77817747420493,0.33020848933347524,0.42073637150035115,3.1129532727410014,0.1711995289971144,1.0,43.67872802328664,0.9985993864841234,3.283029709631541,0.7678516220632097,11.55606979937393,6
6.931314292193304,0.7364710480112775,0.3495288483383194,2.9557641414509006,0.06621524048375801,27.372495208196675,109.39147589494343,0.9974412385227085,3.413513807666862,0.8038698983428139,10.502475414751325,6
9.928399787900862,0.555705690639665,0.3383118292683951,5.64148978570427,0.12666663814706292,16.538270674859827,68.41435250609142,0.9989780952151455,3.437437189068606,0.76579303237667,9.68585030587944,6
9.624765608570078,0.4260049085322482,0.0,1.2,0.012,19.608801409223346,45.41806049622807,0.9983615430239566,3.276495192316596,0.4888832789616735,10.008752928331768,7
7.806022324734485,0.4212498314031462,0.17016290130069017,2.200544915897954,0.222907958574567,21.574032501623478,31.495156427787357,0.9954983423514934,3.36109535688328,0.8522534747998319,10.716450131523027,7
10.698786531800682,0.2809767478708942,0.1374528743842793,4.253494020809999,0.12431548707314898,36.230909682767916,81.93864547490247,0.9942186001791031,3.1051349771275305,0.5993737569742271,10.999518326639071,7
7.610802987056577,0.4334890100076819,0.08872965372012837,3.8723681338103573,0.07307356055553214,10.164651313105887,52.355850588948705,0.9967366843055296,3.2816225011508995,0.6552639456834695,12.0092123183979,7
7.686484586978168,0.4824732028410078,0.19111669657889477,6.091912204769883,0.074821115100256,10.435768602485766,103.47485080663355,0.9944558521198466,3.370733572190437,0.33,8.660455436912597,7
4.6,0.3389671642919333,0.05601474065364809,2.6504800056639866,0.07538991553904835,6.964137522049542,6.0,0.9968579390539706,2.95841640264657,0.5791113935352356,10.681878412456271,7
8.995347691362484,0.5218163042967793,0.31089193926054143,1.8968553566565258,0.1734817212857787,4.66560321035127,60.43794644274189,0.9966859354475988,3.322460944731177,0.5780408896553796,10.598370125352712,6
6.046633150139909,0.6151250752145893,0.4156447573241766,2.0350813546561266,0.1292318265160372,4.858922047360702,27.967506737740454,0.9991717313510915,3.2840963852426546,0.7346033320206724,10.328567679350257,6
7.3637739673176315,0.49157501552010463,0.3992729103004976,2.9452954280057466,0.0661640397878886,1.0,60.12965465619749,0.9976596190659388,3.505551345806701,0.5687506244357984,10.780320342425693,6
6.555426614133454,0.649290648773468,0.2437968621748187,4.770306634331849,0.02877569414815872,20.379886011220997,54.75317067752148,0.9985580768957455,3.3357359562806463,0.3823277581062367,10.154396547613052,7
7.677406383158956,0.3847148030637195,0.6498555423033654,4.787797412439688,0.14321691786887208,36.7719689300019,63.26801827610076,0.9957697697233474,3.3838935692140013,0.6994534243238961,9.33126932924645,7
9.05459639136964,0.7106088975595892,0.48659527175509687,2.42157945943286,0.1264117995367403,37.441530379112315,78.66245262893662,0.9996063697211466,3.2681872778020016,0.6154270135242454,10.628472740743467,5
8.318940657182889,0.5519266470394745,0.2507039413022152,2.854211881348909,0.12019942277077816,6.950134697558992,92.22417587416412,0.9983979313826327,3.407335465476643,0.5341464686637535,11.09470231475525,7
9.506390193859872,0.8081462905558539,0.1783682800617119,1.6437577891159902,0.08306401153705062,13.042379034787999,110.71169230627898,0.9975121326333585,3.396592493356663,0.6728794794736533,10.349374135560733,7
10.451570210495575,0.9645591162029719,0.5242251609285649,1.7898982333522369,0.07291797990119431,28.850092894733365,47.019632504787566,0.9932675371281544,3.1087823638954175,0.3554441131023137,11.533496521396003,6
7.673046907647681,0.4453561533854094,0.46144032972491933,3.964760098812041,0.16620550503954773,20.439643124181725,28.65668586822068,0.99893960557441,3.3578903571321903,0.7634781664185972,10.145985074360762,6
7.486435688572607,0.45276850215773756,0.0020188312733964153,4.743095944224346,0.17057865424731042,17.312414551743462,6.1704638103713165,1.0000693366083082,3.492065020038201,0.6269235662054473,10.892805490103653,7
9.928137011225417,0.4856764180492309,0.47630605065346165,1.5238028473422605,0.1170858691551562,13.204286922153033,60.80776059796193,0.9967214438240046,3.4615039298007937,0.6125588173536924,8.707534762267038,4
10.06298039085788,0.6372264050315927,0.2406690284024535,2.8401388929838918,0.13258252064747572,28.272165171903715,73.9687807303402,0.9967603226394852,3.3142153617187544,0.8199760182929174,12.799401338483204,7
9.55900447577518,0.7686745946855162,0.10642680918726194,2.159690721489109,0.09809661371602338,4.632964933582107,6.0,0.9957183134966355,3.3595401629923662,0.5669104885277289,10.156490128293528,6
6.681296028543107,0.4124944728494354,0.0,3.709420323372809,0.02261066869405555,20.94918818718265,84.15947798178354,0.9935997027404224,3.4508958633477422,0.7019715250971358,9.87764057546555,7
9.018513611352727,0.5986239679660531,0.21890592300741774,1.9560775687009624,0.040952090467546616,19.521805346487426,43.16557478837259,0.9956320217607185,3.134616335034722,0.6359821230792899,10.115646172250006,7
8.486100026880392,0.505533087825962,0.26767675880821423,1.2,0.14087054944332364,16.355405545175174,6.0,0.9998528970478306,3.3830549880031806,1.204711031328983,9.38480102843266,7
10.089299200294429,0.6412596384573059,0.5715922542809413,3.9051669955568027,0.14686415134712594,24.171161403052654,18.591351301126075,0.9987501215885858,3.0064796923464083,0.7410279256016157,9.149687288519743,6
7.326117447785828,0.8017023848133842,0.4518744234722503,2.075122918200565,0.13654396939055208,16.254241596794415,15.467313109019706,0.9952318535457512,3.4428028493283827,0.46395234413470143,10.443917431071096,7
5.466762505045144,0.48674091726205737,0.1592515229385534,2.220778797756723,0.10326445857409053,10.2874603056568,16.052522337541,0.9956010644687255,3.2507475755055504,0.9558758967249534,10.522103852642685,7
9.473402560646464,0.22942381999872852,0.34397505490175007,3.1098230833685747,0.13829105094587757,16.871368744312495,65.24975594296292,1.0007566558169674,3.2966855572317573,0.8353089161920373,10.639546975961725,6
4.6,0.6639023018384528,0.4269873903078365,2.9939671004136676,0.08426754715853618,1.0,74.91993227385328,0.994761705077199,3.2244732884492766,0.6656434994989198,10.363681800106727,7
7.05642721337624,0.3801130606510186,0.28633190372327094,3.1385703222533445,0.11620534581730013,22.33350467756395,102.40188963211332,0.9953406915109042,3.303678630837912,0.5836542935759669,10.311095836630031,4
6.5605676307589,0.5042391673465201,0.15844070978407127,1.2,0.07737992869835446,25.016407161745533,23.52848855606347,0.9958837948733757,3.349329038269341,0.4325159701500342,9.112708668490587,7
6.549111059460231,0.6716655506368905,0.16888723331374533,3.2788326168510893,0.03733107524195553,9.005547419815358,57.783261199279565,0.9941197808878212,3.42616435119313,0.7311914418436822,9.878515229192358,6
7.026646499376338,0.5835310736355994,0.34323988338682093,1.2,0.1276348827073716,6.507632173008128,25.2128511701742,0.9956787304853945,3.5101231181190142,0.543223416207482,10.57256381536932,5
10.369535068577772,0.5116903954004519,0.3484663074497589,3.57739120129341,0.14693084701907372,9.39260760495365,47.16207640855877,0.9957076141778013,3.3174764758808797,0.5084053792068935,9.82354696109549,5
9.694944212310835,0.42634129175750224,0.2143386230049265,4.065733794954812,0.20327606267958565,15.238258737511153,6.0,0.9949857252366179,3.054115103295382,0.7898196208486755,10.71262045747653,7
7.872057840612742,0.12,0.0,1.2,0.09940936306561174,18.16680255937377,9.546814082821236,0.9992231452216851,3.5110695406898937,0.9206337987805546,10.255325820950736,6
10.227159902160384,0.6556977468361164,0.024800681814654835,2.9598061868141685,0.03775293853622317,32.86266541084585,72.9206900768738,0.9944830243586499,3.083315191337468,0.5770335861295457,10.247075351484606,7
6.494094836217165,0.4844686941393625,0.3877408951063014,3.9800507814602053,0.07156328534554574,31.535455669167128,6.0,0.9964303407451469,3.244972464854904,0.7950018882564613,10.62177756584933,5
6.262918244229832,0.8024005301040307,0.0,1.8713949314798535,0.08061310488031652,24.6311979832616,66.72793883659597,0.9950336977908094,3.2344850841351986,0.6940772518239244,10.919103112343615,6
9.768114320719205,0.6016450453931366,0.49499439310977084,3.4430909119920723,0.09397939691151183,17.173236954666436,24.254696187498514,0.9963010494733904,3.311779920106799,0.719000850549696,11.157582679578478,6
9.2853934898485,0.4325974329437283,0.46686987961631576,1.2,0.10913118406670633,6.167297095954117,6.0,0.9949454165065399,3.1154233708205896,0.5188344151820888,12.52185553743506,7
7.517552217308351,0.7220366159076872,0.2778083125673091,4.0374745655407756,0.10405955674264337,33.536190950923256,6.0,0.9968441998004962,3.107944472930648,0.6219006846141609,11.324246636388539,6
6.369716480713179,0.7372032930724742,0.3836068965034355,2.541991934170446,0.12352286614786702,13.299757627835758,94.64787830160498,0.9973107798658757,3.306685766834271,0.4715716235314007,8.815925000225693,7
10.7815441875645,0.490574273416554,0.37046718888818836,2.1390388727095546,0.09627888324155133,18.854428406320146,6.0,0.9993641455602227,3.187140254634583,0.4501584508419395,9.240267512279665,7
5.37582566338871,0.744856075803181,0.24779410561041956,3.877658034066272,0.012,22.48720007971584,44.38214093313744,0.9955816695293317,3.517298407076264,0.7461067887661802,10.106127933059744,7
7.282675909915948,0.43004455003051156,0.008961067658171729,4.921005546013568,0.09767528994859206,16.546756481413112,58.1449811350027,0.9997738707747792,3.225164473346431,0.5688708851246813,9.58367878435113,6
8.688580096780425,0.5587365984934226,0.45378186526172043,3.1800021778955956,0.09107634578143783,27.98652212721263,6.0,0.9951667412933841,3.151638445565814,0.5024358912151003,10.81783164071536,4
11.363680174333458,0.6328535097893805,0.5373737021628906,4.7521994362684525,0.11286254259958385,20.68161541307645,28.289015381168024,0.9962477637471472,3.5674627222466357,0.4523834970611529,10.931353815773623,7
8.951270360524475,0.6712606851225541,0.04036780039395502,1.2,0.0700103363378564,26.28070448246225,62.25330663925704,1.0000530055296395,3.382370179894227,0.40066461103026096,9.882641530265854,4
9.116517910122608,0.6418739327508602,0.0018615490177570915,3.4323283729676914,0.09750570905039026,20.597128372716544,56.15010248059359,1.0022155890941602,3.7284107672881817,0.33,11.672952462057975,7
7.332047709748185,0.47012170749862897,0.24400858809610526,2.315194606004019,0.1131433828138575,15.502053546705067,31.347063862997025,0.999903279452519,3.013963615129184,0.676860615701707,11.95599401313513,6
9.266416382966817,0.7268655753244595,0.15101732682907454,1.3964932533971561,0.07947801651865771,16.67894892098274,54.29416231631809,0.9962751756181827,3.341995945364753,0.33,8.46134410157251,7
8.479025845494448,0.5076030818408447,0.29754035563903725,1.2,0.11876591830482319,15.246474977597982,43.1364795482945,0.997678262949026,3.384784337343026,0.738124258982096,8.871100588654137,7
5.599610281290152,0.4275750747904652,0.49951886757347347,3.3565018686037282,0.09029587182584767,2.4149989064907764,14.57329453239284,0.9979970100743045,3.3142847243866758,0.7369266899602441,11.574046962168662,8
9.647989250938283,0.43021916588360043,0.0,3.72540607478314,0.0943629651188097,5.391395659672019,85.99613602785575,0.9973563052561769,3.2542519169954627,0.6411487854640645,11.330717014378036,6
9.949668762739648,0.8791979104657404,0.5704416708076394,4.378831851390546,0.012,23.67574912614866,53.32413724523115,0.9947850915567724,3.501825220081605,0.6706027868087817,10.937837444835555,7
9.665720582995977,0.39644298294345,0.19273299604338523,4.147086612689044,0.03323729761320036,2.6766016128573877,6.0,0.9971457066874432,3.3818252533841324,0.6094887752177206,10.41170552455624,6
8.356657473631865,0.7624943408168804,0.3672380059435939,1.4196064381182818,0.033365206663996484,11.655655451060543,63.66309595775046,0.9957388932284195,3.049856897860664,0.6962826956734587,10.28966501045893,6
6.674499298645601,0.32561599475416947,0.3875579092398485,4.3069877214369825,0.09716761424128442,4.873912520599989,26.249528535209425,0.994860015843951,3.176117289464386,0.6943063786597266,10.97416139376726,7
4.6,0.6178229801133536,0.40971481929758125,4.454886505476582,0.14676826596493547,11.093951045592409,36.97754932767775,0.9961083984415852,3.1307432438594835,0.8792569317915813,10.588830007453057,7
8.566991129182467,0.5834750212683504,0.2817625397656994,2.1360225046462125,0.08143449007834197,14.269672306910525,46.769610045072746,0.9972991297942244,3.2913416604246306,0.9185809466026316,11.79926329646452,7
10.139301501559444,0.8218208383507211,0.32615651433948173,2.539799569196406,0.1268700144273288,11.634545537152,20.412027151757435,0.9986026279767553,3.4561252477988136,0.9133730169151928,9.67106897511129,7
9.992405197441238,0.41220765886966737,0.3249141896150266,1.2,0.11746787484731584,1.0,105.81994568922418,0.9962175362109793,3.251596130203226,0.5223852414540133,10.419255144184701,6
9.687323833769542,0.3624804407671304,0.15024626785190504,4.573240806914665,0.09357499090310495,13.951929725362126,6.0,0.9965506413766688,3.271019277251985,0.7868132799889445,11.352658787030816,6
8.173841336466037,0.5090281318975433,0.0,1.2,0.11397690493908885,5.831590304797084,48.365018003118614,0.9982274656312113,3.1592305920453274,0.7440309034418185,10.575927460223832,7
10.148689095853545,0.8296643292632815,0.038354692724613004,3.248958941309277,0.09855935478509638,9.216149297875937,59.04646701999674,0.9968346565539032,3.427246722946201,0.5476776864417131,11.120280488764916,6
9.871075100555036,0.3708514736101218,0.2501947838953734,1.6644391366380018,0.08031281665073944,23.675461609649947,47.85590029842127,0.9974249479941897,3.499827715674804,0.5073199088571746,11.104725335361163,5
7.581522946773352,0.12,0.12050673518968688,1.2,0.10538077643432711,25.931626462802257,40.216566901074735,0.9968481400971685,3.3050038300683875,0.593960917316721,9.945420148443137,6
9.450216628246942,0.5407582107271909,0.12094574624598836,1.2,0.1549916762606813,2.134806224909653,34.09626298973459,0.9970851902076554,3.5533228893978754,0.47764981833441145,9.307885529005077,6
7.3888694528042045,0.7009141252329816,0.6118576986803772,2.1984314208406097,0.1092192017533577,32.37099191932054,20.075379783246788,0.994649853527391,3.2262114781032927,0.4218221843340441,9.59987214750099,6
9.218041193748768,0.3475149321248247,0.43319001136537594,1.2,0.09724464264181698,10.544090944450728,19.491957096113563,0.9969324207037132,3.094864680470964,0.7425549547376435,9.240369912583887,6
6.091501704688186,0.6826277912035875,0.22210556647710505,2.578987234583326,0.04575982268503438,9.589393733365135,84.61607954670998,0.9994129385259621,3.433872753610442,0.6635645212016955,8.414096320000425,5
6.222239925256034,0.34353602269775785,0.397686639674534,4.977072252760874,0.15354613201543663,6.537624732921801,31.966532796951185,0.9970210837196872,3.2952358188355704,0.6626896797760039,11.568184659588557,4
10.098951979804644,0.5036194635754978,0.19014896493772887,2.7793102570144437,0.020868719043049558,16.48707678735863,116.64890843792986,0.9951158732105083,3.220489163657974,0.8155384448452226,8.4,7
9.8938522077481,0.6654828167514903,0.29103745249543433,5.296192703198508,0.012,36.70627762551383,68.50813648838077,0.9995054070711602,3.3218073656646667,0.624701354294462,12.391762440406813,6
9.377139618978914,0.3162562276870811,0.35390944319959405,1.2,0.10445865235092296,1.0,6.0,0.9980706061877986,3.066004952293332,0.79916238235728,9.835267555176724,6
8.449546995789813,0.5626723996713598,0.1906548661233431,1.2,0.0456042710176081,1.0,75.55922163388692,0.998158492748308,3.040797609325277,0.5323739636190586,10.102159811645462,7
4.6,0.7486952320326027,0.13980239596795183,1.2,0.13818765313382989,18.71936052034443,44.75104239172705,0.9981069923490477,3.3242547872578307,0.5313130617663072,8.779063955988363,6
8.172710905048968,0.6153081378580432,0.5025470455090157,2.4088592457425744,0.012,21.878061315715634,6.0,0.9945598962473245,3.3768918234352934,0.6603779797009112,10.811486533718012,7
9.072111384222726,0.4002873096336618,0.3866814637676403,6.312128162814024,0.13220490420799913,16.453058203059797,89.40999607427418,0.9979308294467066,3.5246542048372795,1.0186237080548306,10.120845271649126,7
7.3909534791486955,0.8033693034890229,0.0,1.2,0.12558615093268133,22.155894491871486,32.158332889378926,0.9993307978705355,3.446542363051516,0.8765183978271369,10.465374469759336,5
7.088759872225997,0.6485106521460482,0.14305417329399409,3.367528365427394,0.09254675031307158,4.021759569404589,29.361325346729323,0.9957876167218445,3.4078461270203966,0.8446640033742289,9.557777801157316,6
10.755514659861277,0.1951193600136248,0.12155822505806518,1.5200485295432533,0.012,5.978867390894578,58.84375155740145,0.9930356339122652,3.505646736772375,0.42476997040674547,10.914472877312365,7
8.19750871463426,0.6855638506521607,0.15198376312564443,2.1866757285286518,0.012,17.201558291311912,84.09911817140011,0.9973945859538125,3.3854438463870853,0.682667644960217,9.518408374206013,7
9.073151788392048,0.42715263456489017,0.4338564348641901,1.2,0.0982769580530715,34.35972828765266,50.2313600207194,0.9967622205303059,3.2569929539595894,0.7975881481737763,10.484279865711956,6
9.61602348475292,0.5653814385756436,0.2736491339207014,3.730793653655356,0.07605877598188397,21.787146930945536,47.87585654575665,0.9937595305246169,3.4505075323409105,1.0125057261219856,10.89432043065817,7
6.597556969941369,0.7114407207727867,0.005970362537446372,2.4385048138628296,0.12118452339044117,22.275641892314574,23.573108124487973,0.9978502192560457,3.444843159346575,0.3717662921370732,11.95290067954132,6
8.62845261861413,0.43107117476032997,0.19718918097786303,4.0224349709718314,0.08379383428863185,4.626396796543871,83.53740033315613,0.9977075554822253,3.308796348768051,0.7822630922733025,11.26231400912854,8
10.54339564061141,0.2337933294724735,0.3729301530470761,2.7453432716455852,0.07970651028414029,20.335253369735177,50.548370877783846,0.9939143356467459,3.125229849196471,0.8389435089224929,10.496170658830298,6
11.392679411609526,0.800998134543049,0.2282674470485867,1.2,0.012,3.487432887581127,39.082921107980695,1.0002896837225195,3.035099303291444,0.7347961766790423,10.391474213398501,7
8.367891875264975,0.7396250248163506,0.14751156927893666,4.0351599143653,0.12565431865331303,34.461452258582206,35.001223748056454,0.9981271302624829,3.4397292459705477,0.42844597232864046,10.735350896350319,7
7.895495969509974,0.5142939176270698,0.3329316629603204,1.2,0.05649012931633135,5.274763251684579,80.28256209481414,0.9931085056262944,3.3837158526083244,0.70105396578544,11.220381964261477,7
8.757340915833808,0.6836158612685808,0.5774565729934247,1.2,0.0682843215851965,7.5369535057671975,37.86955368175869,0.9982558417246117,3.4053412199758335,0.7308998342865338,9.603586387099895,6
8.714182979946786,0.46351038822853685,0.3576707182621186,1.2159162478157093,0.03672038497386992,1.0,80.36718163665208,0.9982006695337936,3.4454797558298624,0.6882233745887653,11.366433987520418,6
10.65748871242296,0.547454631816953,0.5171788874760228,1.234602241266729,0.014600679994333648,16.801071355342145,30.985192259569963,0.9993885153221431,3.171550440486387,0.5415557001251011,9.397416175055556,6
6.606134128415986,0.5040281703253868,0.1602532986056684,4.454429911534075,0.1561904779237606,16.359812302562638,70.26385041645213,0.9955146358434693,3.020988953297016,0.5204963243536435,10.8882549720158,6
7.824215753517764,0.4707900646356856,0.2684111988864285,2.260381058549491,0.12438792166287974,31.789031352355487,53.31346433326372,0.9982832758013466,3.389441720515901,0.735548241592304,10.979327029715467,6
6.400859744309933,0.5946744644154359,0.2645751229382204,4.246339408764529,0.12516379204164418,24.052356645703526,15.220160875587847,0.9962503613798097,3.4944522582405844,0.5430178215418904,9.68142535583938,7
6.57943869414412,0.3125278117437942,0.29254902597286137,1.704915529979666,0.07682400094932972,7.596949510821975,43.63848638808077,0.9956426789367363,3.3641863521347726,0.5468964201670117,8.749652748962498,6
8.940175825736512,0.4847154504621958,0.35369872521237405,2.944704916614889,0.012,25.070653132381473,6.0,0.9950564876496706,3.0811015915063877,0.6342605809889312,10.11691113511338,5
9.676758330782945,0.5866063050470129,0.09539586699959218,3.1636592361170885,0.18579610352437687,2.843085440597033,22.021089230052088,0.99308402790865,3.3470662326332574,0.6851609231390198,8.4,7
7.196034120635634,0.8608581274330944,0.39299321024756095,3.474491583907869,0.1068477066693796,8.357293092278251,6.0,0.9977268056048079,3.1367890342468856,0.834584906504577,10.20915018772105,7
9.612561141257993,0.3198438412437148,0.0,1.8491033558178271,0.0934290924036188,17.143825261761815,112.21775306561128,0.9961812067432212,3.072467904601145,0.4546700775290847,9.064382575705421,7
10.189683717124346,0.6236995503918369,0.016206234123730512,1.9710031557011485,0.07012074795203734,4.015193025407719,6.0,0.991512776151936,3.3088191584845976,0.4378728392235465,13.731179295351172,8
11.589000197336764,0.643426779757015,0.6757689592229138,2.0826171890278187,0.012,27.078917929285495,131.57251163547147,0.9968431748797258,3.3350247705783596,0.5930439190481218,11.53280389227447,6
8.418569643029784,0.19219062847710744,0.17307705949901359,1.2,0.14065326041700593,39.832784765904236,63.419796624793065,0.9988999090177733,3.29481219593254,0.3519687448703123,10.477253495227192,6
7.212400303344975,0.6038957625936654,0.40860867668737844,2.3825373914243846,0.037287935175593985,12.807518046467312,29.42927017434561,0.9942167276276418,3.3774730321097843,0.7577150832772942,11.825678762510165,7
6.5957977162699795,0.6884513142170806,0.5926751745611216,1.962842042893208,0.11268875065452602,9.05728735374237,73.02924731042518,0.9953460617443676,3.1882477199457844,0.33,11.154387564848053,7
6.426951563536182,0.6359574822888383,0.0,3.312102051708575,0.1232291961728075,14.539309087922522,25.29546573965081,0.9975377512478902,3.323194891192653,0.7782534979095066,9.155012370604847,5
10.424627192386133,0.5148930941229185,0.4839867742295849,2.627821639483536,0.10270540822803828,10.047590550623944,6.0,0.9918381351626441,3.2352558981390223,0.8465312642143172,9.730783691860402,7
5.724337916975395,0.5899832065740372,0.3932992851892615,4.370934524834463,0.10908875639559858,18.64816960103578,49.101411824070446,0.9956860055302552,3.2712398184215656,0.7021503898519637,11.501529698801816,6
10.370172425607041,0.5605720455048254,0.5816754833772776,2.5981238652919934,0.15026762833921994,2.0147529526203254,69.53239170913331,0.9973585520468978,3.3513355372973477,0.3422557784116389,9.372224946057228,6
6.823650250271347,0.22589767910326497,0.045510599283720865,1.7129120252916308,0.04975647564385032,19.244317185314433,88.55971845411611,0.9956338757102119,3.4731842859792303,0.6760411492262407,10.822990317053312,6
7.135149463639011,0.5647976584558039,0.5457383848213764,2.580776111032098,0.09473162173204477,35.975194004983166,62.87532060449084,0.9942337838764259,3.355013585942556,0.5225541620376197,11.121991057399958,7
8.042355726483034,0.46392732692329897,0.12951125799548885,3.513834137228029,0.0764200459800477,1.0,29.08453227127901,0.9943248315173215,3.406097406345374,0.45365943233503236,10.121111630421016,6
7.103787265736932,0.4031320092203631,0.47040778471256484,1.2,0.012,3.6292019856267306,92.10848310045907,0.9936369842901017,3.311574723034923,0.7565036258041458,10.562992981710208,5
9.88436558343128,0.9772945916455977,0.26315600320665644,1.498652073655373,0.1004576665037494,11.226897889183842,84.76190468316571,0.9954972327389329,3.3850927665607977,0.7883663474574425,11.290019500066434,7
11.382684718370719,0.7554708295315203,0.41644607322267635,1.5281525697605074,0.14580877803666023,21.58987461499701,55.3506766636837,0.9987076577035959,3.469204767493167,0.8765677159014509,11.238975906681347,6
7.182365332159666,0.32296902914341025,0.2792851448279791,3.0753862840285007,0.15168770545782811,25.249012005533,86.33458787049297,1.0011875923360234,3.5993949343012623,0.6095856227719297,10.879549740083604,5
7.565195673420135,0.5923945153818511,0.0,3.2382011555687296,0.1743014288368993,24.404312171258777,118.38025923140017,0.9967687471859419,3.496459430377959,0.6872300385395806,10.386138847337293,7
8.022354627617373,0.7924445496015785,0.0,2.6417188189688523,0.012,1.0,28.616088370916184,0.9981596722965899,3.30151694778897,0.941110998113188,11.028470675775958,7
9.219796497937486,0.2606841522663197,0.30988395145686326,1.2,0.16354550180041832,8.819368820738859,16.900604252889188,0.9949124380590352,3.4862785882204537,1.0141990468901474,8.4,7
8.039076725775045,0.5438569654532878,0.2198903428500439,1.2,0.09568746892493786,6.446672464760116,27.658525634919954,0.9927258613836077,3.3945524389475508,0.8416630161402883,11.978870203766201,7
10.658337598789414,0.5523330906295089,0.3456619807698558,2.1654954499600305,0.1622264378463881,15.215411714326844,6.0,1.000218057246375,3.21648959177865,0.5985070926998766,10.258163667985109,7
10.249260658155277,0.30059128115017597,0.2220908414897208,1.7979428072981367,0.06844522676781495,16.091940900467623,65.95096641388916,0.9955693123920092,3.3966728893723137,0.6592333795181201,9.61358493691591,6
6.28471399888833,0.5983190548302013,0.6534347027163859,2.507518530370404,0.0620523774966404,1.5231153085589355,6.0,0.9980655457558947,3.136180764624541,0.6277067783091812,11.041426392928937,5
9.18564588147721,0.7309243502932625,0.31380205428737784,1.8428425725903343,0.02988218891733599,11.284679271599515,88.11896830095884,0.9970010762517258,3.396902408075854,0.7779573097468722,11.011429691523736,6
10.884576703426156,0.8014485664554476,0.1850799317592936,4.644299452608651,0.12347094562108954,21.995444728754897,24.385224169892243,0.9985897227647879,3.5797766174288723,0.5186583505223096,9.355223546890052,6
7.458872392196299,0.4851144617073298,0.3340989826059046,1.2,0.1111803753149922,9.302526236809715,91.20148658197283,0.9985127855547143,3.4366827669759417,0.7126266408233969,10.472267563604843,6
7.799749717950954,0.9802961063243203,0.18855178859255195,2.9236786841417404,0.03450055057517469,13.79754997840472,6.0,0.9972276787470356,3.4942791313447423,0.7134843148453229,10.439948532508463,7
7.402337103649977,0.1595659843885841,0.2876567444816576,3.659214568628861,0.012,33.71734310559672,33.82732704854397,0.9974367842977886,3.2517581724934774,0.7232375893516927,10.370128891354796,6
7.437971453610041,0.5941190077666032,0.03867876442519147,3.4821538417017592,0.1065165260131995,36.795309891951334,6.0,0.9990039107057498,3.3840559287058096,0.4841928005519325,12.13770118543573,5
5.46363236175122,0.27578702241262604,0.268368811646675,3.6021821832016583,0.11187100724640242,1.0,91.02537695315186,0.9959215835350427,3.4175173209496372,0.7000245779365275,10.378433790108359,6
6.041864582509414,0.5462328747494419,0.1792080447533168,3.803562271747308,0.040613278948889,17.095924505984033,101.73991587077595,0.9996556684267792,3.2630050058087807,0.9587806168647397,10.261001937296637,7
8.431705321853292,0.43605678498109474,0.056680041179950874,1.6544281587498866,0.031172064571564767,46.52884409769089,6.0,0.9953550731299307,3.415291209161984,0.5803180652855936,9.672006489855855,5
10.873116556909723,0.621237942150301,0.645389814933802,1.2,0.11782580441987366,20.92789211224205,74.9868452691816,0.9968455018692867,3.3800220986008602,0.7021554169317685,9.517421712823467,7
7.25728661871892,0.5071614714616051,0.06409027971136844,1.2,0.17425050382126964,16.094145618945138,81.65981393537804,0.9978954417299617,3.4170016860101566,0.34485426321644724,10.819485562652831,6
7.207312584987452,0.3813228479552271,0.2713232024539681,1.9923560328484267,0.06373546065132091,29.68322587372131,57.21502087943619,0.9936047227516018,3.1513683140979127,0.7009920508631741,9.89729250423188,6
11.19258581971525,0.3931476294384837,0.11746647335973615,1.4114536264632025,0.045656970162022,18.189974467847495,65.85057287965552,0.9993255112680068,3.506519219637944,0.6948167820490506,10.198915566823208,7
6.415962314912823,0.8778427095409196,0.32643749946717626,4.126252339119993,0.10104634779627723,23.345940027869034,63.47820998611607,0.9976042115855975,3.3793990122554907,0.6778005931396383,10.612040277005011,7
5.4758866233990835,0.6098342729232347,0.027866824450905714,2.097418645788411,0.11685689404785933,13.691802802583553,75.10682905780394,1.0029718465991728,3.2918069959493903,0.7821619699728648,10.468147714289877,6
6.891523758566251,0.2236168328230902,0.4296677965477547,1.2,0.06987836549305668,18.036858784356628,10.557834368328422,1.0006533157698176,3.2955221144084574,0.610563755210272,10.544408330899508,7
7.173266386049578,0.6291417923210175,0.6568696754081799,1.2,0.18217928092412178,20.379622245443098,85.99626393207654,0.9966792878510929,3.3040207515469615,0.8579882611903267,10.540509011481259,6
5.32932975601839,0.4949582007755605,0.11048754495087276,5.284348075297312,0.1293792007406589,24.988367039576847,53.387494450959615,1.0000926147347047,3.182345299131017,0.5078677209460066,11.06832255449974,6
8.082329099333162,0.5308281956774851,0.501224083909451,2.4690791590117915,0.06908027681651165,11.366932838061098,51.41308332842646,0.9983099390181731,3.4931306419780928,0.903358200516265,13.225902933168848,7
9.91235879476461,0.6775798677167235,0.19744292456481893,1.4058937514164793,0.012153300302924344,11.081559578195783,65.14196083003122,0.9971391036201755,3.458318787854693,0.6941513638923813,11.715362440341533,7
6.113876884684796,0.7429808912683122,0.5561003130044563,2.67365853088083,0.14901282402729898,1.0,6.0,0.9935472113274635,3.4686706247665238,0.645821129808543,10.012349588743591,7
8.448882972221103,0.375413708974276,0.6858148073582384,5.1556448186310995,0.14302076810210843,11.834913913576848,6.0,0.9939952832321566,3.5430315193853126,0.4145938969732741,11.700592281374696,7
8.973090648565515,0.5246465022520309,0.22559604777539286,1.9544471007806221,0.07277061511179699,25.90687133352646,42.51804186023537,0.9967083034780077,3.3392257525446634,0.4693511750410044,9.272443846843476,7
8.158246732033703,0.4317000195070575,0.0,3.4618149932274753,0.10347704650778958,20.763856788001412,97.28243084242825,0.9957588072090992,3.0550168853833153,0.717642710652189,9.794104401249106,7
8.615677402559802,0.6374351925933673,0.45013603361285703,4.161045452262454,0.07992791481832208,5.434105024739461,7.5009115157540265,0.9971278595271144,3.4068461731856856,0.5361426233272141,11.156364725755319,7
8.635456346411859,0.48818519112748954,0.3126392695093821,1.2,0.1114681474121215,1.0,52.26258109792699,0.999307502678779,3.4011102073858375,0.8271589669316978,11.123177056493086,7
6.918362473238666,0.5352652663463376,0.36534032187775184,1.6062226138626454,0.038827372036810935,14.404582281580566,22.921099428903048,0.9983434205910916,3.549290303913535,0.7068640777883343,11.043643539809556,7
10.847590372420177,0.4813501830181704,0.2054294420495706,3.9855212794224086,0.03212660135638823,25.599667452761757,18.50280967757782,0.9953770564424674,3.476640966361567,0.41574756295413984,9.768381262866392,7
10.421186617929568,0.5108984871975203,0.1019463644544672,1.5209751852564914,0.1251105954397446,10.87156751599693,62.9746212406381,0.998457419999561,3.330633570487272,0.7873847229534844,9.775715159186642,7
10.322849375309985,0.8368371810670643,0.4904661543837251,3.0804755589741966,0.13106789764495108,1.0,71.48345392991297,0.9949633100904031,3.287775962407818,0.6303901153769014,10.540332043742973,5
10.023248758924568,0.9603379096581903,0.33076009896564623,1.4381257612252663,0.0639327747957845,9.71017469080155,20.589556671110014,0.9945297435212296,3.4645600792688436,0.6502208052424763,10.130049990643444,7
5.62253490196386,0.5978765768736457,0.0,1.8762273350833023,0.051791309429831844,19.324668071115514,92.14053342130715,0.9974251104286339,2.901138094145019,0.8355795527720492,11.350348049304438,7
9.874306042280343,0.5120054396329574,0.40050629240854985,1.7056906721500513,0.14093562325080083,28.945591508519755,60.400369311604486,0.9951524450746634,3.347175594805258,0.4209690385897105,10.10325259838529,4
9.414522426834164,0.24278538303985708,0.3623720336136351,3.391338215174165,0.05338266159218658,13.204702204693923,38.548794967513395,0.995480493012746,3.45563174207437,0.46681214526330683,10.071710308183334,7
5.687909854595569,0.3931247240339528,0.20819320437852284,2.78221215987943,0.089604329031331,26.97637033179334,57.933343381283336,0.9985885469217435,3.291364890700596,0.713348520248709,8.66034984261555,5
7.934652396244868,0.5071875135585369,0.5777645145060413,2.6384032230154277,0.08364349601648528,25.81244255556539,113.49583323218953,0.9979495040129146,3.2511476892439424,0.36920921790208694,11.336603350502607,6
8.77054886385299,0.4012886202852633,0.1525470991540198,6.010493333002367,0.018055420568459782,3.5450158474523867,71.29116171121245,0.9959935692065117,3.3554059087255124,0.554784894973357,10.744943788355137,7
11.12933906681188,0.420217862683054,0.2378925653505801,4.935576369968093,0.09602937055269742,29.032435241826093,23.512870829985207,0.9936123119594361,3.517814789110855,0.8243381659974389,8.4,5
9.53203055842024,0.8135701053301098,0.41604313671395765,1.2,0.09143712680999552,18.998684054309997,45.88452340538598,0.9953031916108728,3.3794607195968673,0.6395160507102878,10.876169966102104,7
6.830238263626888,0.5351823464729267,0.2845849605628371,1.879226457494032,0.10392899007077548,3.2298279356857,50.81874586154254,1.000389948219314,3.205738414097568,0.42434688183601654,9.970740711185035,7
11.182160379368337,0.5512781584523486,0.006959600671897104,5.897049144449788,0.09443685087370443,34.3887290693462,68.39023831351899,0.998536426788499,3.4974152340376086,0.6901465971930195,11.230259094248417,6
8.374425596613612,0.4086456991391192,0.30492188086875166,1.6955739570367412,0.1873773082424285,14.581456326734125,54.38112001659771,0.9994048228069385,3.527393561603612,0.5891697862899206,10.287532435768993,4
7.865070067264745,0.7419580504585255,0.1912659395266058,5.422844380225202,0.1415988768721918,1.0,108.8561566045264,0.9971864470153136,3.1856712719501044,0.5386105461435797,9.539319396492036,6
7.74389906579902,0.4917358469620578,0.43282928653409003,1.9031424591844353,0.08882402302137568,8.484203347006854,39.04201649573152,0.9960330083108028,3.7409791504527594,1.2625978726440588,12.250080564126115,7
5.539956095360674,0.43624454027284587,0.29873148535907657,2.1724034012348117,0.09312123694092832,5.899230461990124,6.0,0.9984198658780066,3.3098994266170068,0.7557207403448278,12.08200574436475,7
8.11339184351256,0.24546485288430053,0.2879564540790043,3.7089999027901372,0.16989010276428712,8.741730691793887,53.55798993645957,0.9991354941543311,3.456057568690598,0.6098114522946083,10.201322836362817,7
9.145724937419619,0.5190016555247541,0.0708322788933802,2.37370995498903,0.12756512594224662,11.225553172338408,31.986980946448064,0.9957884903989385,3.4220291779579424,0.8107119373556725,10.798723343476624,6
7.6448483432071335,0.4306295596800678,0.22629519149633898,3.1924744954040007,0.029236865556761006,13.19741270400823,6.0,0.9953449108743417,3.202507745082193,0.6085322540129772,9.908628061727303,7
9.01476921132085,0.8332243542830419,0.4543192078624042,4.704928179030694,0.13160056647193352,12.802471560570073,23.35406100315196,0.9938096066846114,3.240464993394061,0.5699169192266451,8.574056633382403,6
6.830535179445894,0.8619017645603511,0.12245809453713952,3.5623213075660765,0.14541165085681731,14.876405127240883,34.70903584696616,0.9952969924887067,3.320427002742457,0.7089058206893092,11.80993651971045,7
8.060422545728047,0.3076495109420706,0.2638154576133343,2.6981449850095793,0.16303270256146185,22.067630557384323,83.99955871464098,0.9979709458650531,3.0220105908024526,0.7444773136323355,9.54641659665156,5
8.838118555234676,0.3280124171814205,0.09207525018668819,4.84293757840463,0.06812989096444803,8.062418228113545,6.0,0.9955671043193646,3.4364305445210372,0.815376582119437,11.762688581685262,7
8.622423491007815,0.4802624656772394,0.04506989820018287,3.727362466225139,0.06470082671295851,28.30050557554143,58.00793530322684,0.9984702870968446,3.0180550939144632,0.9000231486412065,11.146034151953538,6
5.570709347477623,0.3831131788290311,0.253876781452023,1.4730395716637128,0.04273469399197546,3.0355732649974208,119.55381244804713,1.000437632429326,3.312258775393582,0.8598759384871515,10.70726067516091,7
7.553689883518912,0.5691349836236085,0.3030222213266943,5.2721053268216265,0.10148199082379827,22.358747986166964,40.74705218623718,0.9967471590537872,3.206556096840878,0.8036169193398881,10.356219226920524,6
11.15168698153143,0.4712077719645979,0.6488339584541931,3.3993118288702493,0.12144477637541787,33.15434894070231,39.78048789001585,0.9966690874542716,3.3991366029068217,0.8210754679743566,11.150542280684386,7
7.4628416736381205,0.5804958212999466,0.1834625270692203,2.200852523582194,0.06287352822615729,14.037756239280952,70.18064749081628,0.9977423619015303,2.9705572986464723,0.8593990014057314,9.404462387183969,7
8.326872824990128,0.7128968338964541,0.26046783914956234,1.2,0.08033468100954942,17.931386395376514,63.679774505557674,0.9956086353058505,3.0540212776585802,0.7786704180496349,11.82782608251378,5
8.152515224066795,0.33844012813960866,0.032486031585524294,1.2,0.012,5.736289901057546,93.13779716644225,0.9954700908571471,3.2180992190250293,0.3884818917203629,10.553232247317107,7
10.966007590163407,0.7091380200459317,0.38632560283231365,4.880188874559912,0.15794410536892456,10.526291896687216,41.00204389213352,0.9955267353885624,3.3899019641327772,0.7425996180167768,11.99967623601069,7
10.49362580773094,0.3988425654223682,0.3456380080771233,4.93553135275863,0.013446110539495432,32.36062464075386,69.60214679327282,0.994523402682674,3.344126094793058,0.8920861113433005,10.269127897605875,5
9.672802699691976,0.9167269128467797,0.5527949887613715,2.619397696226536,0.10461464835306178,23.75906409102824,70.12551595395527,0.9984095950164498,3.471743426983256,0.5215207406041112,10.552479171579053,6
6.645488067266694,0.8217756739248899,0.4812082087866547,1.2,0.09819797716850032,20.294715360986714,35.46021111532214,0.9957564980878942,3.326616553533185,0.591350622757248,10.682364994791342,7
8.910611183626537,0.5096455395404776,0.3367672670800338,1.2,0.08915297452098504,1.0,42.75005174959125,0.9988116351583194,3.307267757484786,0.6477824998912003,11.01632369151374,5
9.265500963227725,0.35655497998459257,0.18068641507814695,1.2,0.09023345328196541,8.377034538800864,46.13154725897356,0.9977056376848592,3.1449768431602747,0.6903176904465921,12.337634359946108,6
7.1123717794867085,0.322124123658575,0.3088870031991115,1.2,0.039446284741026794,34.15941400843195,6.0,0.9966567168021544,3.2756009679808216,0.5636327833147414,9.931266256904337,6
6.82012092005893,0.6872531303734154,0.2489074421949654,5.337523316511668,0.07158093540285874,20.213735612803582,33.71248085537525,0.9982382937283182,3.306994622331774,0.6677345594378588,10.263144957906604,7
11.198524050251951,0.5245275020245103,0.4511455313152162,5.383885071780263,0.132540680655852,21.5237516668625,95.72381293063032,0.9949074230004807,2.9935677773653357,0.7452528892480219,10.37941845464275,5
7.788634369231222,0.6968360394353525,0.426983983092869,1.2,0.1464623085205219,17.690829116434113,80.64087665557975,0.99521723187235,3.1729062213221684,0.33,8.4,7
11.045460592148952,0.9267612144732152,0.2136810657055965,2.487771033743361,0.06721765588697781,9.463610366197768,27.42010837296036,0.9980558352282589,3.381356848180818,0.6707120639256643,9.806249649112127,7
9.995059384340708,0.39133107103109777,0.0,1.2,0.013660282067585058,19.391686699792654,45.98208331327638,0.9925282223614811,3.337641977869852,0.5929618328121785,9.875863257248936,7
8.993390530038047,0.3085751161235442,0.5233435870418808,2.4786667348998788,0.05040232898903881,1.0,78.45872736216616,0.9967277612425708,3.2710368684694293,0.3678304735067472,13.222769863329084,7
9.069303441811124,0.5646608422158726,0.38055605179640895,4.795025436716735,0.17407676345808545,1.0,61.08804712013903,0.9978219544057111,3.2164541021263853,0.7539139469700181,10.676563633348277,5
5.919286747437695,0.7360567300614136,0.20929688659119292,4.010206671124221,0.05320020897060038,8.179615446535667,72.81707033694745,0.9991906771807085,3.041595252032173,0.7109195805452938,10.928026081299917,7
8.65151712571851,0.36071714783856373,0.3731459361396975,3.632127871696202,0.08243142749779035,17.917724478349285,64.07281510834477,0.9995794113648064,2.974991259465967,0.6860379722936853,8.828527886474676,4
10.708934702068765,0.5362324529766643,0.28422364818750556,2.2281483678319898,0.15354788101493178,1.0,53.58703514982107,0.9964524561263606,3.2627701039979766,0.7617825012568211,10.332881169491724,4
9.458277155415535,0.7766078590107782,0.5205374059817001,4.26675396239491,0.06223588774915586,17.23394826615645,41.04213073435398,0.9981635064041179,3.5392975392579156,0.7126124870274397,11.401625549698014,6
8.562372368009498,0.236081989071733,0.0,3.405336245216663,0.0792198366865592,5.457127913519551,7.180928367439229,0.995171734700119,3.3156834221371643,0.5325572830298874,13.092811814699438,6
11.21029323288895,0.572357233059038,0.19453371636244787,3.0654818138420072,0.12434141966554658,6.871832556727103,69.27452773190568,0.9958573757658653,3.467295564407803,0.7809070779341223,9.667801162037863,7
7.985430771476634,0.4327814431522188,0.5738203579409509,2.3384269265203,0.16745492277388674,29.545679015484666,39.20435860755622,0.9992985549759372,3.128790137080522,0.8100203772459835,8.45733015992522,7
7.246755352463137,0.5523481863748346,0.3770076966587893,2.9457221153205326,0.056659062359336,16.29158783811695,6.0,0.9966241818079808,3.3536050223098366,0.4734127397038892,9.570356684492365,6
8.561514257333037,0.6577611723050638,0.6067952669796995,2.903552209017057,0.1524284764736956,6.410043526426744,28.54781912334388,0.9970033877474785,3.2016322381142324,0.8076874776134013,9.574681028533622,6
9.602994525789715,0.5697455314198564,0.03785665229894178,1.741995696896035,0.07376815063637689,17.861751463989993,74.54033078299751,0.9947370411438508,3.1956889284316548,0.6097982207272636,9.584684362073887,8
5.379750037125957,0.3481599676198661,0.4737173760283126,1.415116852781827,0.0453613508431479,1.0,6.0,0.997502877612881,3.4246667988785036,0.7621795775552956,11.37103255737857,6
8.78427669393371,0.4397756951179739,0.4623226404562283,1.2,0.09872915222445518,19.914468441898816,12.628643450058384,0.9981327031412068,3.2914511627143805,0.683831819250418,10.766778926891636,6
9.677586526411728,0.7867867364584039,0.0,1.2,0.032594301284875934,27.526840958417303,51.01168890340222,0.9980737435170873,3.096627733540469,0.6287559120074944,9.192591929311233,6
7.841609236995337,0.5892079209063377,0.21385456498871408,2.236655974236928,0.1091845372787554,22.84815171772677,92.74814336767133,0.9943984138454959,3.325096555696325,0.7496657227773853,11.915337554629845,7
10.181840102714492,0.6812574429652727,0.2497594700131242,2.006241141406186,0.23503345652332347,38.55600019659866,79.39921266792268,0.998599894252291,3.1997100484631003,0.6013671638731535,12.425548675581767,7
9.39001732609882,0.5750531558329477,0.0,1.6309727547564208,0.1389632383169236,1.0,95.90377895292613,0.9948036087455525,3.0875731440529015,0.8416497688806451,8.575640613169849,6
11.940351301468832,0.6756408922835457,0.21782555796111663,1.5273059353707685,0.08206971702386423,17.233175340837768,53.336022823092534,0.9966498115017346,3.156716164010692,0.8696042984631721,11.660083343407504,5
7.023975074111935,0.4586937038112821,0.43590479674793514,2.908632036562843,0.13645348966069837,1.7932423368425425,39.6179637060346,0.9936255735762524,3.625067567510547,0.5649974443913285,10.21797365950259,7
9.712206745843353,0.3918479035818616,0.1957246186902994,4.428650426044028,0.04321847875498854,14.081174970806465,74.24478958884423,0.9963590101204157,3.4967072057450217,0.6295712452106824,9.392045736773134,7
6.570549356744412,0.6674655888526485,0.316005299578065,2.484718046497171,0.051107292107898,15.916211668328652,16.910816493354275,0.9947931857104932,2.999761210911203,0.5943954110286556,8.84294135450093,6
5.553877032829567,0.7329273218802002,0.3173803537182539,2.3931368799429236,0.08337325556507057,39.83837757123239,14.344091067280466,0.995847171396618,3.280991659620573,0.7217933936464728,9.915520101748424,7
4.839597567209617,0.36542936405660453,0.26769275188363445,1.2,0.09112571639294234,15.272340340880504,8.497546396972176,0.9968138298354006,3.292215633955689,0.8807095566134394,9.841614660050045,5
9.215150838074775,0.426329933943729,0.13601541543516857,2.1877022634930094,0.02621476749714094,15.076482687011174,82.3243040297505,0.9982717271330601,3.269030263323863,0.3745132740887943,10.557818181437128,6
8.613221453704975,0.5006192429184368,0.3951746552279406,4.166470876853117,0.07259555787080972,26.45417062024594,19.042299001001453,0.9982065165867154,3.2077610161355725,0.41688850561044444,12.696265668320775,7
7.48561320248502,0.8215684288968768,0.0,3.9524455449125613,0.08020433030165543,15.345371734960436,79.41985214018523,0.992259137054235,3.42504836712197,0.6438006350484317,9.85652418069522,6
5.285042632285659,0.6313643819302868,0.27163174631655473,3.8551632419840693,0.15947270034841576,35.127044290173636,51.38401433211967,0.9979888047189549,3.455175132794888,0.6896081501597182,8.894976259690685,7
7.1263427355642515,0.2916643706241404,0.5332424046984369,3.8102163609077797,0.026212760732262946,22.931687137823303,82.74723447001715,0.9970919251711053,3.471546107964072,0.49798016685678115,10.0467089249959,6
8.306958113048276,0.5132630975138898,0.18499908253016908,3.111425577790769,0.021855718592478063,24.59928233811017,10.13292623308947,0.9956356148845535,3.3608366335577333,0.688725836605818,11.514947483965486,6
9.648387923548267,0.4857418239649219,0.13180896791456734,3.0616900288761935,0.09525832030241463,1.0,25.92053489516191,0.9950272261250859,3.4037330761496567,0.5320373666004522,10.134980839836745,7
8.271889224579038,0.3188114799192926,0.40784806636732174,2.8426504573586833,0.14109120032818742,36.7447345977838,61.43624021808702,0.9965813865387972,3.256949038197072,0.5820478369618564,11.097080653977038,6
8.728502582598972,0.511137454958949,0.3010520345115551,1.9163606079264803,0.11292487165990422,9.007181336828351,32.32141906956495,0.9971381362358984,3.0672283641977525,0.8738369674991788,10.581895764375227,7
7.6605749523439695,0.477793260870853,0.4116349835908172,2.617179158061713,0.10122581399087975,15.797833241162392,6.0,0.9974179763363343,3.0631763633251707,0.599667370779851,10.465446424977623,6
11.273681144296162,0.4649061457489114,0.27731471228210175,2.8018395571882135,0.07343542258992805,9.046608996078854,6.0,0.9963251488306719,3.1788393050391277,0.5966767806070357,12.098331556593346,6
6.568975604642013,0.45667135387127405,0.0,3.3864360446424726,0.1187769316768571,5.145361238407325,9.873854766709329,0.9919039788073899,3.2791117837346735,0.6803995189200663,9.364099820099966,4
7.111295030615284,0.7948508387027846,0.4941835479808828,2.640359081863223,0.1258637933313853,3.2772321446694317,12.312092311142202,0.9957589238390535,3.1123950470058297,0.8436894193442047,9.286494250023615,7
7.462991274211029,0.46453343910190725,0.6633050126708724,5.447225933361385,0.0749063892893202,16.9840374163404,68.9306666823593,0.9944509845501314,3.135999863453969,0.650686205096076,9.427590990100738,6
9.22259747656043,0.5389407901340476,0.5139677912988945,1.2,0.04241464802123779,1.0,57.58890192879211,1.0006049198401812,3.2517275253251547,0.5630990204063236,10.769494815493248,7
6.533938357362304,0.5194223517901888,0.0,3.5562659796789795,0.04272026151841796,13.350575983224518,51.83718978014146,0.9968126942542969,3.443073616375696,0.7564513158142262,10.457171975341316,6
8.530721603931598,0.43909696693387956,0.35570676037605764,2.442258810705325,0.12830051106824025,27.006570796673493,112.58521037106858,0.9981081280244782,3.361486551044163,0.7961650629993241,11.159839131499169,7
8.580347243825148,0.5443108518261857,0.18131829599074123,2.503004794977159,0.014419153908414903,22.535393496292933,85.1648845881817,0.9979067414781265,3.1770169862911204,0.8525924481319348,10.31862950778721,6
7.119591449753255,0.5417631072975975,0.06399368681377529,1.3623939047648688,0.1658217812389643,20.440571570388638,72.87985464761462,0.9972896241043273,3.317143067919148,0.651937348884288,10.190705044202296,7
8.860965083626658,0.5443561748418589,0.29331911071127187,3.927080574148159,0.06556209240575364,6.498462306988632,6.0,0.9959091865221913,3.105388889569002,0.7387797766719948,10.752197509402247,7
6.586716372146368,0.37533803442264424,0.24170001396905308,3.41397814804962,0.10154800072429919,1.0,48.458863901999706,0.995666724797537,3.1770175915157344,0.7923665737316206,12.21521029566154,7
6.400973957815032,0.4928975886945246,0.3666449828131698,3.6670923555251687,0.11998037272492335,26.83883824972674,56.32712019036966,0.9928608723493686,3.0547948405135585,0.688916695253354,9.156347936425137,7
8.46932978608645,0.6668579375629744,0.2807502359680363,2.7369435667465503,0.05486677139363299,11.185921932628176,32.83902415731899,0.9969701669567685,3.3760410978620135,0.8823050270640965,9.415432743914907,7
5.478415504687295,0.4976330063515928,0.05704569969109441,2.0451472595036853,0.06538480139520347,15.02767636987922,102.63989478774124,0.99727072378022,3.2664476811727323,0.7687353072860071,10.443974166544182,7
4.653835405664596,0.5591207442682264,0.16044566241883554,2.4068138320377606,0.09320259009144204,13.82525702841523,48.18460865788343,0.996609123292224,3.2857107434592354,0.9780871774388628,12.574746817416942,5
9.205816611354562,0.5600666601307439,0.12978787429824695,3.1068519100778955,0.04687512149686644,22.96012618374919,6.087325623672953,0.9969725015505587,3.434114317170975,0.814010789175243,9.25333540557482,4
10.08324890240499,0.6051311235321051,0.0,1.2,0.03682083712336895,35.25481848432257,13.686284502355072,0.9944078203654871,3.156423309893608,0.33045936858123975,10.389305015755712,7
7.5064346982227015,0.6305571647024859,0.009387517648762167,3.722106014605641,0.04104423450005195,31.254928589946005,121.589062927654,0.9961413101034642,3.381879382054524,0.5902767366967846,9.461179842894964,7
7.164279891433791,0.49865289024514037,0.22989695272181312,5.8966699405562935,0.14382987544623996,1.0,32.6779540477547,0.9954652777918146,3.615677833099689,0.38296632454132923,10.826051303176381,7
10.009409884156753,0.3659596454434227,0.540513274308383,3.172469065734867,0.10570246779562065,12.660340801465088,6.0,0.9979635112397065,3.1587544631091875,0.5494004920802066,8.4,6
6.352585029401837,0.3106312408385224,0.16824415485722902,2.1067027261091162,0.04972114823281164,1.7591930555553414,26.781566589362132,0.9967778702236471,3.069295089200347,0.5948684380135786,9.291296257901072,5
5.982266537974032,0.7131835542925447,0.12608815279696997,2.2742706434490225,0.12801969444300257,25.753503004591938,6.0,0.9954843559855355,3.116292554375181,0.8056834242574488,11.767828295771846,5
9.50298192030443,0.668645080634792,0.045555506732163076,3.4905592913078363,0.05232550339885453,15.941826557052877,76.67952526968932,0.9963960933193202,3.3698421345110208,0.5832585046273079,10.409973831441793,7
8.315364917070923,0.6468856431807548,0.2758019340491166,2.1383958713588345,0.012,22.264594651121293,6.0,0.9947249031161302,3.578928998901654,0.8950154032845313,9.602481604296727,6
10.110290456793406,0.6760166350152812,0.49405927357592394,3.716145379874848,0.11975002258453657,11.761693059143184,6.0,0.9960764672590018,3.572620671066232,0.5443497000076898,10.350982182579655,6
4.661548006077436,0.5009199229473401,0.6505097256176324,2.2562029960176586,0.16437285473506558,4.986598137724714,46.63122364081593,0.9978071052271951,3.440115512083743,0.6089587055097369,10.332274073013595,6
5.918854215098444,0.417522244802201,0.3242258815771205,4.899856853274072,0.11322786456139376,6.783052316100415,82.99860749484091,0.994168639740309,3.4454116649546327,0.4472492660050407,11.00006462972226,5
8.324364501735067,0.3535266662363532,0.29659881110092257,4.861234590431063,0.012,1.0,44.21561914703005,0.9965838024545934,3.381541762829021,0.9035731728315018,8.4,6
9.010045287422438,0.33391700061461016,0.16674010962182684,2.0377624648826824,0.08589289618962455,2.6318422702335162,6.0,0.9952751236638213,3.421665358219709,0.9263172382075793,9.290765971716779,6
9.73989504907208,0.7481885639390596,0.1984523419167079,2.3865666285656806,0.07409483401161077,1.0,52.50632239387678,0.9941699948434205,3.3567787241615425,0.6355387712305921,9.378284572775899,7
8.597190206974922,0.44123392596425326,0.38954326729963357,2.468683593370324,0.10477597164426294,5.025121882962331,31.10946343518519,1.0002440578386491,3.1868363243206637,0.40628681762156255,11.07348073437927,6
8.579913764109568,0.7198746324579597,0.2101736869080149,2.4874471439307646,0.047178343987166665,4.431079277672577,83.76590149881005,0.9990821706341964,3.573869453393788,0.6226081855571934,10.393247910878738,6
7.638017376848663,0.49636055053148287,0.23916633503819135,1.2,0.07132656924560367,20.037977602796307,74.62252524648925,0.9955636796850672,3.515656486261316,0.6974663105878007,11.941441884524947,4
11.004538338337682,0.40827658251636373,0.2651840177974194,1.2,0.020256099797932553,19.62604726887748,28.82745368438618,0.996149438716215,3.1903435655254104,0.5500733959709305,11.287181384197472,5
6.424860125700155,0.3330143364409742,0.15774265892757955,4.249660600167138,0.09742322677474512,20.02654417201095,72.15452546226288,0.9928577329625136,3.4098658163113758,1.0576448444598863,10.029881947241716,6
8.910334259345097,0.42413221574220494,0.25575394077526525,4.025701819885834,0.02200389179419071,28.2374513036416,55.42332270715223,0.9936742743092747,3.5350313029959137,0.9683080491572038,10.346985760958793,6
6.620724981200367,0.7852829809231323,0.0,4.00152899984818,0.10755895082897791,15.077452140550793,91.46803145509729,0.9945567460266402,3.374476739845103,0.36070038928861303,11.784456566334036,7
9.209123527868517,0.3348421856396338,0.37427881777350785,2.402870286283539,0.05172428211685672,7.7014467306294225,70.75326499038312,0.9966361885471581,3.2783749875226627,0.46185337214989575,11.933539889978583,6
6.537070132040798,0.9110144278663371,0.7168366494046905,5.148816477985574,0.012,39.11973754726713,64.49615934847421,0.9964820291275915,3.5301785318336223,0.7359828836843514,10.29762293954066,7
9.56448668745078,0.37869066305546417,0.1651117131190174,2.468543432655606,0.12430663272565926,25.409281984689862,90.18986684827468,0.9973302716985842,3.3493223754140033,0.47578067878763597,9.346010264841903,7
8.49057840960168,0.6649909947172242,0.3410290575503173,3.708026643459637,0.1102198809029828,17.499357828647856,47.00681402324507,0.9979893545522334,3.213306858990839,0.6890938771079032,8.4,7
11.26588659453976,0.503854767034102,0.4317995008467751,1.2,0.15058827624522284,16.770181766919478,21.064994999604576,0.9972282176412843,3.132873998614314,0.659819735541762,8.4,5
7.822266599638305,0.47229927514528663,0.5132409018163177,2.178370535903009,0.012,18.941361969453155,53.107627403036055,0.9946453250888736,2.858611098388269,0.6512734696143483,10.905128376943404,6
9.022442397620829,0.3011442601174755,0.21977891713936593,2.2818505221966565,0.056236171627689985,13.777936556280714,34.80686939417079,0.997315644525022,3.613861198531127,0.8311959966260126,10.883629408010634,5
6.974584323216794,0.5122892631047772,0.0,2.4083174467697392,0.09318486914640771,17.246357685790137,66.37806646702514,0.9979071684414684,3.1811248592229413,0.9652612945018382,9.677325758937966,6
7.8105818890498,0.3215085206541193,0.32077407066126495,1.2,0.11387017697270686,21.14348643646586,48.537958750782366,0.9958881820946455,3.4584475067582687,0.7253331797546593,11.792591030353915,7
8.4797741150554,0.22731612204186075,0.2944394512243411,3.4854332989539603,0.018244454926246684,8.271369753361784,59.75662310263546,0.9931917988478003,3.168259874113313,0.4519465198313736,10.178571354308131,5
5.703726131798665,0.5515277620791409,0.20432338881155948,3.9400544358247287,0.10727861801317912,1.0,6.884625287737599,0.9989497312110434,3.3357117806169523,0.6824605565307962,9.770414838457755,6
5.8900393118858885,0.41562384076956405,0.2446326966519753,1.4585968552279183,0.060126485295358786,1.0,63.22262701320005,0.996867797643984,3.379258185227941,0.5586943198338143,11.653143177490337,7
9.319760809720597,0.8331827329024966,0.29729928455336896,1.2,0.012,25.22293759880401,6.0,0.9914316063881168,3.1191742843190506,0.9966864901960732,11.51125979718148,7
8.051652403396146,0.710003908716708,0.3387347784997316,1.4234817251485086,0.05171799360857219,1.0,78.14190997251302,1.0006334808612476,3.4573836718409785,0.7758374580264993,10.344792401235534,6
7.292024893818364,0.8355377926406187,0.3307638449455844,3.193698136796253,0.11117572542085127,20.786111936557703,78.19106898977937,0.9957903512137388,3.2794713572935055,0.7264283053515197,10.953758130115386,4
7.047123493291516,0.40744107718857825,0.22863972469478558,1.6647553031283038,0.012,3.7792631019945926,57.947690962763375,1.001334144055637,3.3951072860278115,0.7684330052950539,11.088773690760405,6
7.112569047269721,0.5545047932236318,0.3430129786473307,2.3123086505090735,0.11694143646161165,3.948417566370736,56.70185928479829,0.997416992295657,3.533995808282604,0.6514782378259881,12.727535560401476,6
8.49133621551399,0.12,0.21584413882777626,1.2,0.10031876611288282,8.358913014689502,39.14171527683493,0.9963149086173648,3.423901936878589,0.8708493655648735,10.259808146274526,5
9.056560968997523,0.4792755714763897,0.39198484529171074,5.271000967702049,0.07506862337418164,17.938387596059258,26.65377670336062,0.9970488299761839,3.2953966436867623,0.5609488699627271,9.137537301814241,6
4.74341770963712,0.5477297026444427,0.15078586125946486,2.6024780794278963,0.012,2.369787062035277,46.00718414137347,0.9953523837374267,3.609383496055937,0.8212063929641966,11.069261875349675,4
10.701817896508818,0.557728653986319,0.2838810565084169,4.109601460917283,0.013917405298594976,9.422209061911751,111.73033392094169,0.9968164897553565,3.303123699626192,0.9286404652870831,10.46657012963853,5
10.580891297001388,0.5223736861024989,0.0,3.1904377679343714,0.06827136267877934,15.629949742104154,54.04459236232593,1.0005201792030955,3.324342475438418,0.5196287342854892,10.520180645158968,6
4.6,0.5419866629153003,0.19971701080314203,2.441367923048903,0.03412781897140573,3.192251196107142,6.0,0.9949926173825236,3.2848016808889446,0.715401655607974,10.36659143405846,5
10.146075383748757,0.12,0.377822857014696,2.368872745155011,0.07131334554194005,30.89645925198426,6.0,0.9977133929469769,3.121257145552808,0.7288141394769381,8.697282670807597,6
10.093872047262773,0.5761199304947561,0.07359037532546697,1.4846588527071007,0.12959056139537006,1.0,6.0,0.9953324581950189,3.1042889617927307,0.4753324922274296,10.679675600657237,7
8.300757340118828,0.617019180547407,0.2091809094934841,1.8693515887627845,0.07416800278145139,13.609223584266289,34.07707250916765,0.9963806461296308,3.224652821937303,0.4252731474293209,10.015702879202395,7
6.09481334279571,0.7708445724731932,0.0,1.2,0.07287908792663525,29.261676642147762,88.14478987565275,1.0004555596343732,3.153885094350965,0.5022803621754544,10.069297216207092,6
10.025887755830624,0.5963728506698476,0.010065919378922095,1.2,0.0729163195437538,1.9931010791485733,12.827383428469986,0.9977002774454826,3.267238789648709,0.6491472221296933,9.97395047914893,6
7.8899071872945035,0.5064673279916172,0.05976983433835867,5.420925584571892,0.1346298907553569,14.748928569878986,93.2754593431917,0.9981167796945999,3.437228922129431,0.7292073775758596,10.358054723813405,5
9.233094034492227,0.728889546001575,0.28933269964661135,2.89047731111472,0.1477883847118265,17.295016168006107,52.403852088133306,0.9968346081524994,3.2470034377062005,0.595164390495392,10.678681419931385,7
12.072642162335024,0.12,0.3333477123546154,4.5520041383856835,0.10683088447215498,7.42891025397355,62.40529668635667,1.0018214285479914,3.343874163371535,0.9862091404186212,10.368643097161625,7
8.728122476060152,0.43730926448711416,0.25934944247136255,1.3883128401495692,0.09341980131772445,15.086430869515196,61.50370245782355,0.9948956863843276,3.2320904243436703,0.8324499143662631,11.63565217787955,4
6.741296024078445,0.392154203589432,0.19730725725139817,1.2,0.09778944289823019,21.795166839029495,65.93288826157404,0.9936991933756787,3.701935470604155,0.7349554599472108,11.20909954556111,7
7.729257308636474,0.5237860760303641,0.19797066781373804,1.2,0.15411373940589504,10.99502266766215,32.96607544407106,0.999903423909336,3.542268179463501,0.584823952425007,10.32178296183934,5
6.957942887590322,0.13423529379875038,0.4060486923176939,1.9090993608744258,0.10938387972409937,23.92546094836905,6.0,0.995974991257568,3.271868499220652,0.6698713734100287,9.292147795654587,6
9.03693251966249,0.7675344192038693,0.3104357709077801,2.551099904556624,0.15855462875855764,20.023674874010897,27.143053960880433,0.9974794922310635,3.351918686002084,0.8452642905096136,11.021165119342088,7
6.929685150125333,0.4850342180568358,0.20655033670198114,2.28868873641841,0.06730301195660743,9.77954788788895,17.28877479585977,0.999961081147719,3.1035808354951673,0.8144023469421828,10.063051038047515,7
7.496152582005608,0.5873834044086081,0.5157269040958392,1.4175326441187202,0.024228256074032076,27.73827085478677,56.71750571387073,0.9975047617903318,3.2769813705486914,0.8125637193349876,10.21730275548191,7
6.116468363507082,0.570156420510781,0.6404952577892591,2.6228010130448696,0.05555420425361125,8.120160306327215,53.71296038543212,1.000938554716441,3.2175412658611005,0.6063768175847556,8.989006984808974,7
8.075452090617457,0.7572481810778511,0.03330893445560268,2.7455405743559256,0.060548544254654516,24.886879706754744,37.53871040049607,0.9969587721393305,3.424405110749341,0.5691079924101347,10.842520773450206,6
8.600483148613485,0.1948489757226715,0.3692769133399972,3.4831869985722097,0.1624128126036058,8.308335167996288,104.25677184430586,0.995354558958384,3.1667320180435676,0.41534625559723914,13.174922747630806,7
4.6,0.5502178097845662,0.8570790254604131,4.558605224217553,0.12161144599319262,12.58122973216177,25.42002864458339,0.992228381932101,3.565292044704152,0.7478526659441238,9.8582733039889,5
8.741275054516377,0.7363120869268749,0.32323905279953696,1.9905486946875077,0.057039543357072175,14.192234957339993,6.0,0.9972710401519619,3.299924073458983,0.3998509548110022,11.06618450184492,7
8.222309607135475,0.5123624395902756,0.2919341008712126,4.2016728310884845,0.12499532531583676,19.4551224543068,50.4301245550504,0.9924507902133403,3.176110023540898,0.6553632371317267,11.73306921687153,6
6.999513687114584,0.3587715092351057,0.2594105514202134,2.592312630799182,0.08090968777867684,1.0,85.62451458189086,0.9973168155081786,3.314952427413038,0.5865552807025168,9.840414502504434,7
11.748669171258785,0.4212997791819586,0.3631344883232409,1.2,0.16382392952761737,20.709163290643488,55.947592873131285,0.9994731225322682,3.423463412971088,0.6958190265982205,8.4,6
9.929410096928084,0.4592704396748472,0.41343084164447774,4.996579134554171,0.07131604149961486,14.823968157004703,34.76659354282547,0.9966675846944332,3.3901418714612452,0.8561440865838099,11.144197297791766,7
6.436115773542618,0.40021099468586196,0.03349429390785533,5.681551018659566,0.014672204917306336,18.900271693404214,54.41072291910637,0.9970612019564137,3.3341123573454974,0.8881206033397,10.484863279751004,6
9.72500269527094,0.5024939989278754,0.2649681106251226,3.3667350692721714,0.07822269987446788,21.176127398032072,107.0000259657827,0.9984397629233198,3.4451552465740813,0.7774055731402835,10.733127575008265,7
10.4156467292358,0.8014845325733003,0.0,2.6256989501867842,0.07134174639236707,20.034992798908274,17.708287880093508,0.9979721150627564,3.4357395127566934,0.5280769211626258,10.458738290410743,5
8.524435568449848,0.42247434220325314,0.230229842841915,2.1200329157697047,0.023868347546429025,1.0,47.51572776031992,0.9989049471298791,3.436508295632432,0.6542032509879168,11.640989598047181,5
8.914451462810455,0.4422186846297802,0.09848916717380618,1.8504728427218287,0.11453785259208044,4.759388712725766,68.54111733568445,0.9966635606121824,3.267546704424276,0.5094601042329249,10.295650148520314,6
8.875189333766706,0.6127605051290563,0.334443740035742,4.194981754406523,0.1539617850249012,19.394567310423668,54.852888572898145,0.9924228430743809,3.266475706949606,0.5467839403244812,12.72284631319852,5
4.7541130398304094,0.49853233448650236,0.0,2.475817466732558,0.034243236785025284,17.99681006456668,38.34517375083078,0.9989344336143897,3.278069050713457,0.7400110982032081,11.146912706396861,7
7.982321685354322,0.29074667599792114,0.172659711012772,4.843515716142676,0.13271738846734218,7.6096863020786305,32.47387899406448,0.996246276414034,3.2339140999775053,0.49238437243884975,11.482289265186258,6
7.8938481686271516,0.5189860811997762,0.4536434075989163,2.548807381460832,0.05848835111585952,23.645211600628752,37.117101782640304,0.9950305599068047,3.3262739076932495,0.580750892893447,10.407029402543454,7
10.731264582151795,0.5121995421685535,0.14149670122559246,1.92271462920723,0.08583822783870616,13.207535724149908,64.00386350640572,0.9973382772436533,3.309134121998356,0.476136430646654,10.732604690901345,6
8.867337368055185,0.7056221021788676,0.0,1.6581793496835742,0.08090070545327244,25.200126715759474,62.08711070515611,0.997054429460285,3.5648805246412802,0.7699105282846712,8.592090063741676,6
7.794061364401619,0.355012568323521,0.31893129909450707,1.4587974805877029,0.08583858934176056,28.60522377018031,115.4162414086171,0.9952760213195719,3.232258433774801,0.5967066655507566,9.782625763724607,7
8.146787940315281,0.7068175068959799,0.15855949131239916,3.219804156968465,0.10923488558376768,18.82217154141336,6.0,0.9942573895730945,3.158047016400007,0.33,11.553089740308764,7
10.039755488766582,0.5123904538220102,0.2346817671461497,1.2,0.03886341589895647,21.733301059241843,104.33513009621635,0.9975899891805587,3.409443181850978,0.9357189683686087,10.328444494672013,6
7.986206072482965,0.3305704992353008,0.13132477857210748,1.3543275233292456,0.14778510512799273,9.511169144961261,39.77272876193392,0.9950852438243276,3.321014394818778,0.8302741106797699,9.196380213231366,6
7.113067593744265,0.29441990382615285,0.6451353814512055,4.354275676177498,0.11066650956568785,25.26820366450485,43.51968699633106,0.9969173286027583,3.204302979856058,0.33,9.667896824938222,7
7.831306272034528,0.8781899350235354,0.0,1.2,0.12627239048796718,18.190305881650534,74.75232014674211,0.9974095461753445,3.4304458031663634,0.7829213170670843,9.659257757757281,6
9.899183444498561,0.5012151158896208,0.8083641662599118,3.7077868907860236,0.05033690021251958,12.8055340921361,74.54423669426316,0.9985395346904633,3.2670352473555466,0.9168584854976923,10.358352439027302,8
9.143480339516492,0.6985707410114879,0.19577905915724314,1.2,0.034605628531249384,3.102407501214614,84.55273331580393,1.0007262968444832,3.5447398685551117,0.6263018096872474,9.507400685562022,7
8.375255554693494,0.22253850897053667,0.3048548494814457,4.530121859046052,0.14258753129809695,10.802865624406953,91.73017280549931,0.9971506974824238,3.1636776843441043,0.6833352914784829,11.922675921639366,7
8.625616809056211,1.0047850798335023,0.16078868065514812,1.2,0.03258578544440143,4.250506779182693,45.18956025515704,0.9958918132064956,3.2205536203885234,0.6038182615053526,10.622779466275656,6
7.348437794887682,0.6907840331060832,0.15283962362746373,1.2730487591353379,0.09401734633759574,23.895642258863294,92.15305597779509,0.9998510282233181,3.329659847875891,0.7463556717121677,8.906799285581018,7
7.97028601924749,0.4840207614520624,0.12088231834779972,3.4524796091808554,0.1348928040893332,28.714514050683086,25.80076147659611,0.9986913761848115,3.519098821016943,0.8336395393263938,12.043670551026342,5
7.1723826529833214,0.4748901455860082,0.38423901278829076,2.878571387891268,0.08104030745207161,25.52082658876364,36.45572949874921,0.9970199277527879,3.200120726650432,0.4555141624260689,10.351012065922497,4
7.798875216690437,0.6622276630945393,0.0019480582108593603,3.75298241053273,0.14199362196239268,42.00321258591556,40.511704230464595,0.9971493251976785,3.367981874870524,0.5379524248402481,10.941412581227747,6
10.588503048165263,0.6518927036105084,0.3391806234061071,1.2,0.07423675972168976,11.065727324281779,29.173885735704044,0.9967511322758686,3.1307489493457563,0.6752800041012404,10.728213201032421,6
6.467617920658778,0.562855270471539,0.0,2.0984724269330455,0.026961354057291505,22.164009621277273,48.4692730709793,0.9970082018590107,3.451175629104639,0.7107371492933182,10.84664157343708,7
7.129179967081045,0.5319581764764015,0.3219704665169351,1.6360905071053882,0.10458610943211441,3.495772871880124,75.99237335075387,0.996506455831879,3.2096191534856553,0.727267570349892,10.03244533886294,7
6.167691933009222,0.630992075124665,0.4313370951271164,1.2,0.09631991358457931,13.82886827630085,67.92928265815922,0.994847822083539,3.4052910018960603,0.6252715607179489,10.753916295786501,7
5.799455112781084,0.21649336044556816,0.02784136961159983,3.3342564419285123,0.21333488345894827,1.0,26.326235437447817,0.9967168595718197,3.4132424453151557,0.5080499237532877,10.24031682213006,6
7.9824877458680055,0.4631705517294345,0.39896109432656135,3.8202720252495137,0.04257988329268806,21.866040331700294,23.617368472997928,1.0000388210124371,3.030346472612947,0.8254945519856561,10.787452111023297,6
7.250064390938664,0.23356450550728775,0.2797632280186211,2.028387312943253,0.07516318604952049,12.167337539400886,18.359083840178112,0.9951495201981216,3.342236335129748,0.4503198637500628,10.20127196970465,6
11.294871182346728,0.6388266220464509,0.5737010265179896,4.631795819014638,0.05264931585136511,1.0,49.421250954255704,0.9961845844930318,3.2321239874612986,0.5743130165223324,10.089655394193674,7
7.819160871497752,0.40835348521400255,0.10751078736089295,1.4000196907703204,0.08030322466612558,8.707306349181827,6.0,0.9950053533943062,3.386770663846982,0.6610281968557415,8.835624894273629,5
10.491974667831041,0.24711594583774804,0.8050373217073187,4.597854253791858,0.07840828567690072,34.72770043987871,17.19924687776474,0.9988989313617798,3.175394685710444,0.7404736298864354,10.394431255404212,7
9.945611007399078,0.3871184256765855,0.0,3.2871346836615722,0.04600190836315609,20.209513816134475,31.404786708989075,0.9982764378458101,3.22045951762756,0.6083820113994055,10.64033662321562,6
7.944777936119177,0.5568841162638414,0.2073942778791361,1.2,0.10900716765575373,23.975472961035372,81.22170451367143,0.9942712056413278,3.494563636701324,0.7860228461914616,12.378295239366008,6
11.887230489545558,0.4930588911399542,0.0,5.2741339739157365,0.07693523801179518,17.218225432647515,42.15159807847904,0.9928649213859032,3.4826457607411476,0.8706340782116907,10.912921627103007,7
8.756507776990176,0.3188318193741009,0.6217002936014555,1.877731453532562,0.15023769949054422,13.99363132325006,79.59276058892671,0.9983448322397858,3.1569077169284534,0.5521195163259502,9.62459000062138,6
10.872115752206781,0.22312365168848913,0.2202768111749911,4.187164835460231,0.056517815205433385,16.063579645000292,52.67121069598304,0.9941553924682227,3.5866410993128364,0.7245671896604648,9.31429494093999,7
10.67421471568815,0.5433079016654904,0.2373798352998363,2.7039087707014855,0.17448453435195643,18.47704360434974,30.895557444536017,0.9982737060778991,2.912362887702426,0.6998489731616372,10.686158531605487,7
9.004901574678131,0.42546174078491705,0.3542152386361905,3.0242177142325644,0.09996607829963199,4.385149321189331,32.24963150853469,0.9954876612329931,3.343045154641291,0.6000296229154266,9.602906004488606,6
9.576922441269947,0.48354547222447086,0.26908701459781537,3.761689492689231,0.14675267166049963,23.91215116525482,8.136687898772742,0.9980204993708868,3.1121945672084763,0.33394248412917266,9.791729791749685,6
9.36092140570311,0.5012566662521061,0.1571853042837464,3.684191658256605,0.09242631288427479,27.67918866586855,125.56468535543712,0.9975438212097201,3.367192381033078,0.7182121458465424,9.599505055934312,7
6.354755566634097,0.6074118236915573,0.031237022380480844,2.0209948116271557,0.05030924320676923,13.835811332084525,83.03586294475929,0.9956807371814564,3.2697068928532924,0.7368909935098795,10.048412145080583,7
8.397393602570128,0.6824503703185844,0.30201754644335155,3.244331834314033,0.0746145167525208,10.40807548902585,66.36257143255281,0.9950299151749274,3.153283555217598,0.8428378287555538,11.18765089564299,6
10.126220297705924,0.5563716561725198,0.3419783902110009,3.1392397881779024,0.021821894090628763,8.109955503729562,6.0,0.9977940137544928,3.1964395767806533,0.6010432652184899,8.4,7
10.894516739514826,0.47231674104326415,0.40212167491632855,2.7989856795649435,0.08175792003890514,34.371774337405505,31.641501681568343,0.9953840871321701,3.1888589843806456,0.5445989019699397,11.78527541902314,7
7.074912557885686,0.5344574368572446,0.6334181015582392,2.2153568526383793,0.09508836517819601,11.151156188467656,14.411522003991692,0.9988070624532015,3.3217631987686977,0.502523963601255,10.181574290085955,7
9.199013213082134,0.4689373458932682,0.0,2.796190766471947,0.08914897139721592,22.759800299252678,50.69699486747371,0.9951185351622827,3.460107742539482,0.33,9.721531887761977,5
8.556479362571809,0.2343403963460382,0.25713373250298616,5.254557044674204,0.14951738958143262,13.909476197432115,15.991591345681943,0.9973656656095304,3.611656750493907,0.5891981012990056,11.349903473571866,7
8.099614090211288,0.7265503108321235,0.49643018880607126,2.08696170704018,0.07999070994004331,13.341884414961733,24.44743990321313,0.9959586114386756,3.283682293482303,1.128304573151079,10.179312382891975,7
8.905204469682545,0.6926189952478047,0.24634073935661574,4.189222387725892,0.012,7.8701281478399086,16.852002100948393,0.9967108568100503,3.356017390635855,0.8740600029081458,9.279863887446647,6
8.670595598132435,0.8879001188445074,0.0,1.6325090065169499,0.2535710555151097,5.711855291012833,38.61211561525977,0.995368998717839,3.492677223097975,0.48932859630135184,8.771638077477766,6
9.220392867083401,0.9404898751659694,0.024702480778515057,1.2661594727481589,0.0545413985502838,23.669167982588775,48.849881856370885,0.9963606477727213,3.240863786695521,0.5705034848177893,11.144125867940033,7
10.750918493615089,0.31831637619450315,0.3324282714386907,7.0869590831582,0.1325310201131885,5.474313959684272,39.483682041972926,0.9918326720320898,3.18940495237542,0.5694250229385776,11.21291908333229,6
9.633016904469992,0.4696280143318109,0.32551748602783476,3.2560338757849405,0.01630040646089341,20.75645201571682,96.9326227120425,0.995155447283517,3.610057501456392,0.8957504815952717,9.958038116946737,7
8.828005140083595,0.9820771274366257,0.39777874268479396,3.2945188458054586,0.09852497215301265,16.851131196555716,73.18541715650824,0.9955835378015208,3.2823157843134503,1.0361708375911058,11.813817601676572,6
11.469862596599235,0.5227008891951977,0.12160830072584503,3.333318880567883,0.04965634702064577,23.802704612031988,20.738220926096023,0.9965634345937873,3.3434698745431124,0.6732653347882905,10.43833911052333,6
10.186880312996571,0.5739579624584153,0.3193778146346666,4.4702195891484235,0.012,9.495483938799165,57.212426919488585,0.9991570643605341,3.0630044889612007,0.7028237885960592,11.820965227775485,7
8.142922654374308,0.25619660869497574,0.0902859714996983,3.0709340204648554,0.07370793023300032,27.241513748460996,23.448249742117522,0.9953743120196069,3.229332858905611,0.7464667461750867,9.375616634063709,6
6.230895316000062,0.5570519536838193,0.31939201879230134,3.642710621580069,0.0846469281631666,14.417498888051462,33.50042275956537,0.9993865717982958,3.60061939983881,0.6553046272391109,9.24461812390529,6
6.62068784243521,0.8777492674566361,0.2801103174496726,1.2,0.07671236158816017,43.112794573750406,62.26558798778173,0.9950633045876147,3.381272194714006,0.705937321258052,9.850395245061323,6
9.886495162136578,0.7615926458186351,0.11403659616904821,3.8774929521422328,0.09842632736933465,1.0,68.39988469021065,0.9945945682681926,3.3055830245698536,0.6661894616380296,9.97246612510576,7
7.228468785269932,0.42020276812666224,0.5660548898449106,2.1685352187474427,0.074333119923885,41.403814749807495,27.173486729892083,0.9931199890898083,3.5246321969203915,0.73925489619187,11.631662940533852,6
6.586305688909689,0.4586630540176851,0.0,3.440439475068622,0.09025004135841769,14.573157020410545,10.149790594756766,0.9978528908292132,3.056655022862474,0.33,10.713877106348765,6
7.011254944631761,0.32643794735103265,0.2430920132279998,1.2,0.09499526407775191,18.239422068048036,49.3854450751305,0.9968634426075778,3.246128605226837,0.5764883225768387,9.58761033033862,7
7.131446669445811,0.376790634755053,0.10984794277838111,3.3822514293111587,0.08534662982778957,9.554960968103934,60.799077242345945,0.9977403188166358,3.6603482156846154,0.45682299034697316,10.411940035437222,6
9.746101035229827,0.18616185281843545,0.6184983868126921,1.2,0.07897353588650233,1.0,25.500297472709743,0.996950079309079,3.302304806215178,0.7753161155924562,9.941984590961017,7
8.03353847117013,0.5147324585612464,0.3836956214478796,2.1137183413893523,0.044998285016106455,10.35183389378605,73.36464362790818,0.9966825253883033,3.301239532970446,0.5244467622088412,9.539978817666885,6
5.966963179491011,0.801819922387474,0.146631028679626,1.2,0.11493894338819337,12.060286658839221,67.53273980743299,0.9972404051068587,3.491588440300294,0.39196786376391773,10.3146763115595,7
8.352776326196008,0.593977746336875,0.21685409502912922,3.3862514167507367,0.07369912467690655,17.819417983672782,25.020542918771373,1.0007897236523149,3.5022929860990044,0.3539738823752612,10.195783961773486,5
8.677852425162012,0.7759230181938318,0.6236389010563006,2.5969778336462253,0.06990019089924873,27.67195262260869,83.68233591476648,0.995799517427556,3.109561856989457,0.7343940286342177,9.580723878756862,7
7.485127335550553,0.7231848921666797,0.09020762997129422,1.420897635743613,0.11107783259370016,17.902672629374706,84.68792765404552,1.0006032121905692,3.375906867696897,0.5001113848529278,9.569290497035066,6
10.26500464312759,0.43157454387692695,0.0,4.508171263048759,0.09696202726907346,18.08548851446772,114.52628067501725,0.9983194899561207,3.5803917437040793,0.6345093161335136,11.271618336951073,6
7.584403894323117,0.39328880094683927,0.3252913038681247,1.2446669079332657,0.054183644902585766,19.93586102342646,102.81689472166619,0.9973938760259817,3.210965043602029,0.9270896077050159,10.853054965304942,5
10.184174067283156,0.400186779766738,0.32959166980748583,1.2,0.14578095621809872,1.0,16.80402497895327,0.9977536042830415,3.2526456486322406,0.7217809931166845,11.409725540679453,6
9.31453072544746,0.22092884928043127,0.3965465689440734,3.219089047411213,0.031106472709118142,1.0,76.93192493648485,0.9906283142318689,3.314438081883367,0.5712787416081578,10.09638561378077,6
9.875229363675492,0.5358194419032034,0.39779889456567097,1.2,0.03852069643619502,1.0,75.43980385778842,0.9962028391899616,3.4169291137386986,0.4582224606582598,9.236122779468092,6
6.43246357062913,0.12,0.6064340736394218,1.2889864997848206,0.11841263648864253,11.980624491048781,35.0349027389876,0.9954265566117945,3.09013958838799,0.7319451503545059,9.785924713362732,7
8.467127326804775,0.6364547916715495,0.0,1.7757147978850105,0.1693033730784788,1.0,61.467023553372464,1.0007135473237974,2.8306707742257675,0.6360525395594671,11.499225986387906,6
8.210192392222893,0.5429385684293975,0.04146739301738675,1.2,0.05986209696521638,8.657230780344396,6.0,0.9960513425590461,3.3431859940698723,0.756359502396134,8.687567293572943,6
5.882588907657194,0.6148591759690712,0.39581863344977564,1.808781379518491,0.10640260451845784,1.5333829276993356,6.0,0.9966433800452299,3.489545182964421,0.33,11.945840646440015,7
10.178603240664946,0.7202629309306644,0.05993115467425636,1.2,0.03095891276138727,21.021011975086157,6.0,0.9966125169046938,3.2619582657801076,0.8513671643470455,9.21212918129949,7
6.910418475257506,0.5657830259009937,0.0,2.7273364591862657,0.04333769014380264,20.49538410353663,59.30655271493933,0.9942175879808418,3.215998425634734,0.36682270577356246,11.23425387205889,6
7.26373469097883,0.823682912777856,0.6245104649342015,1.2,0.14021331501087203,12.743237582772366,60.86115044017003,0.9956355789072467,3.284287170958298,0.5756927141043393,9.308109352346511,6
6.577363079483867,0.6419502459713978,0.0,2.5422049582948203,0.1041908624455854,1.0,37.489212676561586,0.9982521060314825,3.5560221101702907,0.8942974573563087,9.763170186599465,4
9.492016754319636,0.39371716757311104,0.20325831294897737,4.1268107859796945,0.14167179849161654,13.409988950920155,103.12646433617978,0.9926495671099209,3.2076575432504213,0.33,8.4,7
5.705919478086588,0.48721201241374185,0.25872018426603316,3.5953218784090284,0.13805651145850856,19.35057421144908,78.97478075571547,0.9972915695277267,3.397823474880732,0.643243353648515,12.383564460296533,7
9.350387160789767,0.12296761518497545,0.5187359619730227,2.3856050310017904,0.012,24.412630006009657,6.0,0.9949871884011691,3.1323500664463215,0.6112902940645306,11.015068902552045,6
10.075673776613884,0.3676057207150102,0.0,1.2,0.030790146017387353,34.31074858678619,40.84204862636959,0.9991698460583175,3.139721356785382,0.6531107361632613,11.078057411437886,7
9.213203326963793,0.4614206469319897,0.34894027878618733,2.7228479622916133,0.09990036267415703,27.644230894427672,15.584353097635116,0.9974503513576953,3.440136632365816,0.7185541000844615,9.872631429741062,7
9.511468422538929,0.6283292497203798,0.10082835893058523,1.5259932257460802,0.012,17.630153555213262,60.12046408093767,0.993812441022661,3.5616928713579186,0.6605630965930801,9.404092845232627,6
9.591228998282674,0.39493501486247407,0.3892461303925656,2.781572842182136,0.03744766299760828,12.90496592677256,45.49395337521927,0.9959093240886278,3.446906325805956,0.43019932084582146,11.230887749744433,7
6.685978644566202,0.30567247749180254,0.09770653205489677,1.2,0.15406746800728927,8.099191988941556,17.450011498478023,0.9975617640575027,2.9937102662148094,0.6745419778234982,9.112656686828798,6
10.739049465429385,0.1902442574585374,0.5687381886752977,3.630165478869899,0.0615464037992884,30.134449906844246,102.24814625436908,0.996122487280166,3.24532858710642,0.6548878737998458,10.221174259544053,5
7.517870367973053,0.4226448466532028,0.09881569649901153,2.5465031882184066,0.12038403319518862,17.649201086840627,48.38835827184268,0.9969757286325625,3.3467931975333425,0.6477636404654967,9.061718775389172,6
8.187141050097049,0.8811533244262273,0.0,5.591923352012842,0.08567609130284008,22.520714191176246,32.81229915142906,0.9966634501539783,3.3191744130909995,1.0126208815387636,10.532624837846306,5
7.73451655880337,0.5787992662814659,0.1201186425491528,4.328486046579816,0.055042996048153006,9.702692751741747,38.17169566275594,0.9983469600632416,3.014369972947903,0.8853624631460725,8.4,6
9.135621605491426,0.6991242942239322,0.22035297899190998,3.292661710989479,0.012,2.8704548121470204,99.75417872026381,0.9975351749718653,3.1102318813832746,0.9686166487884823,8.8157807125037,7
7.385336686666383,0.3679902381204352,0.4756472359008387,2.3264098368094035,0.09796519900852572,11.696453958136367,76.48093565054043,0.9966084040672791,3.1865288905430895,0.716496053382936,9.479993183864352,5
8.413756731203527,0.2467790431816007,0.030901182192665078,1.478553890817668,0.15536646033623658,12.719253209040923,41.158648541367626,0.9967340437026216,3.29958896484997,0.9615076532384581,11.057785789292693,5
6.199915510851792,0.3102060564641479,0.03465723584832564,3.8193730130477888,0.056378208451009514,17.913610553263453,13.860249524722441,0.9946426152810922,3.0121572360508666,0.5124798240033445,9.831490048949734,6
10.279930854452672,0.5125164003516254,0.452509801704707,2.1787422921524033,0.09022412264875641,8.15694416566826,18.98917995454983,0.9994880258200175,3.4024346564287975,0.5969297864408905,11.452450205732733,7
9.440259608115346,0.17105680817373387,0.008707227587180899,4.1357104861276195,0.015569926242456358,16.162183565510627,30.637508097945396,1.002328206342399,3.2956807092687237,0.5593753049133549,12.005747157095627,6
7.803158404766992,0.3488137250462413,0.23599314613557876,3.0611524292293995,0.055407766011247785,28.26591672072769,63.18575347819173,0.9960723364315522,3.1493466762168807,0.5736973134296843,10.069751851233526,6
7.5024466489561235,0.4244550765251672,0.2398562751408877,3.0711959781496687,0.10302143799469335,1.0,71.38989954246279,0.99679062899466,3.3398123972401175,0.665021241037027,8.81806126031021,5
9.395868018740085,0.2922334449086058,0.31134011190516286,3.3323365777551457,0.12195464355879118,1.0,22.629695869721097,0.9986285891925711,3.0882365260910722,0.6926741521549117,11.433277553215373,5
7.0976012529188655,0.14773705688153077,0.12752884002730594,1.21252228618742,0.11312959124803479,28.982095410493805,72.84501003292243,0.9986179923777351,3.301978792706498,0.731268507277326,8.750524196115292,7
8.513121036800788,0.5821376656777565,0.09387106653183305,1.2,0.012,1.0,16.6065372858496,0.9970387889169998,3.0326895067907866,0.9545913605244771,9.43350783553713,7
10.27437793863339,0.5382568600792217,0.33362994393293555,1.2,0.06552406256066708,11.909244347629237,26.372646784534393,0.9948452788649098,3.055163117423534,0.3988126756474229,8.579861230108767,3
6.920862897466773,0.6702253761734234,0.0997607878977407,3.9664956808263865,0.04153778781615269,22.289036653718117,6.0,1.000154501789684,3.2400768546834087,0.4531079820351771,11.430586256129146,7
8.926621409504346,0.3301233651345604,0.011605853877356853,1.2,0.07247567103659894,15.278125228956885,6.0,0.9979943452079906,3.1996948909490834,0.33,11.012131680333233,7
8.836732953790337,0.6667860937485449,0.5032819976918202,1.350376408526529,0.08177400253209477,15.130477270462466,16.250839829794018,0.9971190429231009,3.369180456822537,0.5148639900594427,12.131565725704643,7
8.13452740827344,0.8052747550076395,0.3627381224620447,3.2525239777623995,0.13711853888617614,16.660164802092137,45.6534252312403,0.9953266275027367,3.3071268537582457,0.5824915383681686,9.927856497824227,6
7.4435577070233085,0.5771986518026339,0.6058254551954146,2.1471312255112016,0.10087614072459572,42.34649804259186,13.798012577904998,0.9968101148204183,3.6334609240871734,0.5392681854225949,9.518346580500463,6
10.365154996720456,0.42021146699960116,0.41895385373121974,1.9682880610712619,0.15363810272569298,34.59656203713075,95.7869755001177,0.9932525500022011,3.2691650870759577,0.4643788048610055,9.838452621259453,6
7.284133319196158,0.5561145169116639,0.02905270619001532,1.846823043642312,0.05412301522192254,8.615884256881966,15.820849149777267,0.9981077188027971,2.801890791384535,0.6731425408513905,8.973935270825145,7
5.219533868079647,0.41159826992679616,0.2883101556113992,1.2,0.02039740177767435,26.93432652994213,52.551836642296706,0.9985709959029273,2.9967117884908987,0.5922633252627215,11.928657405272919,5
9.388907105772759,0.3816289596178247,0.07703063160353327,1.2,0.15539640411856182,21.207831454713855,89.93599362261276,0.9971365420846913,3.125796494563242,0.5075950776295777,14.012998282231191,4
6.257784305394683,0.6529868701105986,0.0,4.154188391634928,0.10737239618132967,15.695094571107132,49.543664680606526,0.994875519443604,3.831218984423776,0.6836794786759361,9.625521376271566,6
9.476197946253649,0.5049709424383042,0.18503211531670316,1.744842657852438,0.052066226934131855,6.367377510987202,34.52716938483919,0.9975586054136213,3.304344636804861,0.5605567127302894,11.034186946571808,7
10.569335521333855,0.7469172176210053,0.456491246306833,1.2,0.10757767528998348,20.639364330177397,51.33658249761198,0.9981959802887193,3.4807138628969643,0.854609774616616,10.233626635744542,6
9.370574793277747,0.4503638619361574,0.3222334150496264,1.2,0.1262571996583733,12.686522616823616,28.018929552404803,0.9952878509031217,3.465110201861656,0.6301833328057167,10.872662258140286,7
10.121399213208736,0.46858857547939803,0.0057301150608335405,3.003795550656994,0.09260196821135681,11.914619213243832,13.573377515995375,0.9984745852239922,3.1148962508430347,0.5985060493640002,11.533877593810429,7
11.7340834817804,0.428028020858335,0.17835510070958005,2.9760484528880333,0.0527352878827527,7.84575081115185,66.65803681053404,0.997696583125729,3.0338587832122674,0.7024621893723884,9.176892235347227,5
9.94349278643521,0.32836698103630313,0.24285534878502385,2.0880071424141105,0.06626064817178323,26.398146971155477,27.315632403856032,0.9961793690037437,3.4089162578387935,0.33,9.887908109755266,7
8.861974767463241,0.6765964817509864,0.0,1.5351143340809532,0.10065921039894067,7.8387508043914895,77.31918237015101,0.9956404543997126,2.9680501222683993,0.8643040007168954,11.687376449132252,6
11.077711911990203,0.9234280996305477,0.4055027493972363,1.2,0.0963477339017173,7.902724991174482,72.69704610443544,0.9963601382507887,3.4605595070926265,0.7914329523572652,10.944453337158663,7
11.283118426239195,0.4611990970580927,0.2265403450108372,3.0154590509768116,0.14397622271591443,24.06834655959322,51.97181315844156,0.9948557312419728,3.2919734802448692,0.523178373578808,10.750232124718842,6
11.306912031541016,0.4075107301384989,0.005786976422909096,3.673018584734905,0.07403222001710455,14.384530088067512,78.4421457510004,0.9971944991868309,3.404872352272714,0.4657883932072229,10.945361709598451,7
7.463356024166797,0.3958417729327237,0.0,4.304432002872582,0.04170325187635069,14.667105500247429,28.60045172718046,0.9977611205894805,3.3567301065448154,0.4863007249742197,11.050443914861694,7
5.998168790552715,0.4076480190319316,0.4791261495351061,1.2,0.2081215534897915,26.745381582962555,72.28626019604988,0.9989203335263115,3.364951588793326,0.4183091116787726,11.63880685804872,7
7.359573288160693,0.8269610635233443,0.19764552389231338,4.411732172568663,0.09520094537592359,29.693856423815326,72.11504832044126,0.9972651523499255,3.326090927407276,0.3695548897323226,11.206537793012265,7
9.496190746848399,0.40067350644321953,0.4961668855017182,2.4207430778297607,0.12621034962080824,1.0,36.583233003842196,0.9974435037558,3.3533666701102067,0.41279064335987603,10.345722456148126,6
8.57057020706458,0.42465197583988284,0.568709541181516,2.537200748766029,0.11152687348521637,14.547870324765428,32.362232098637435,0.9961907852892399,3.3170970920852314,0.33,10.77774893041462,7
7.948982325199361,0.30673623461282506,0.4642651718426256,3.7510288568840453,0.09576899861236178,1.0922224541730348,57.32503915772365,0.9950392032305609,3.0980230900719237,0.5961862768388582,10.327850973913257,7
9.25281837796839,0.5828567792953527,0.16864796814267674,1.742664535128374,0.07629604465507112,11.83866995249808,111.25524257482233,0.995883129255244,3.249345780655941,0.6347853888603713,9.601626237213944,6
5.799631361155447,0.5178986788128224,0.0,1.2,0.012,15.829270360801926,38.859453322456744,0.9994133345426147,3.6441446953076024,0.8757829866555008,10.344758626336816,4
8.53998780777562,0.3253078203555392,0.32946929786161744,3.4868061674740662,0.03702860168250242,12.174026982720736,31.66958891864801,0.9979047537798307,3.358373840804118,0.8258043380974662,10.278222709018252,7
10.20137799624139,0.3692906724827457,0.6673995102579242,2.987999042013102,0.10246860303061284,5.134607977968141,85.26918897187596,0.9974740546375244,3.4859372327022715,0.5332209725906307,8.583041605157185,7
9.23383659574899,0.8059280066964003,0.26327588514697325,1.9956124143722338,0.012,4.601930303994651,48.74156108250859,0.9932507954995762,3.158595958554905,0.6158985473476454,11.229180406581595,7
9.476076697117339,0.5358873961283782,0.0,3.3715438815120713,0.09036606445738316,23.543384584838627,74.99209303799341,0.997294345301813,3.1559148942508517,0.845525679705009,11.410575886822626,6
11.015533742919276,0.5483033711805136,0.14177308567827768,3.657720844651274,0.11807783401062319,32.01550296409051,95.0153640952475,0.994173603045954,3.124668326607835,0.5817545692092808,10.981875529915675,7
8.187556415714766,0.5490176885046911,0.2350906777943071,1.2,0.12616409500386133,1.0,6.0,0.9943090996708207,3.1049075754802646,0.6869999282360565,11.346635227103455,6
7.189744175704429,0.7810325698780117,0.06138217219023853,2.5315181641568185,0.11511329663084117,12.460004006312085,45.263631441330396,0.9945219300431943,3.060150631499591,0.5549894923159946,10.211777224959842,7
10.322175572530572,0.34186141478227217,0.0,1.2,0.13204442172600434,23.58562344264033,38.939458160911045,0.995231616425931,3.3459150422782455,0.6646704693193956,9.84994070090843,5
10.290905072757678,0.45864880636823824,0.2514083536591263,2.326829534683504,0.16246373501236822,15.55766051579109,14.839317751056736,0.9982834400309267,3.2552038993579155,0.6722272693960708,11.41532874632449,7
9.249095847084856,0.4995862628007481,0.12087351319205097,1.9781608583598351,0.13851754296423163,4.206290469991837,6.0,0.9971305250397382,3.444826212022305,0.5986833065050279,9.267101718210029,9
8.02736929900984,0.22018835144784965,0.606811415570984,3.1886726243981363,0.09625107574839072,10.883211257332434,6.0,0.9949080220718428,3.26219894131692,0.8392046638157761,9.230018744481143,5
8.302345406713576,0.3650945270153582,0.28919636271673127,1.2,0.08067286682568063,19.07257749303451,49.933732923503854,0.9955965918752614,2.939901072188878,0.5110676884449901,10.879508438325178,7
6.129485981377154,0.7184014689105688,0.35921999041069447,1.9099188498078739,0.09238798010397647,12.674482851506266,28.93021463541044,0.9976467973988612,3.3783169872987737,0.6776077643669522,10.850216621530134,6
10.192009101352244,0.6668384293394212,0.24737363273574872,1.2,0.07405158687128821,15.39621069385512,20.119674990339508,0.998025833557894,2.997316309324318,0.9611950022603692,11.395177531453388,7
10.132007226199544,0.6986720375183657,0.28780932760303213,3.280505349447372,0.13952629441554437,15.698814775392762,49.60666079261559,0.9969539030670587,3.3430167294967794,0.7109207649631666,8.56982668536287,7
6.070139324206468,0.4239637599443478,0.0,2.376240116488297,0.1138887097901464,10.395043098587902,23.728362042627214,0.9945197682113599,3.1912109395151527,0.5225913776903978,10.295415802350956,6
9.774974542640432,0.44617485677860946,0.07236840200795505,2.6221380129488536,0.06908940664100384,24.473974751695863,88.94694301581603,0.9959162004621792,3.345806545183249,0.7170776856985746,9.190507608673995,7
8.986972813515315,0.2081482108931541,0.47683679325067696,1.2,0.14923212582976847,10.886338233168448,26.072908530739024,1.0012238838297447,3.0876827421808666,1.0714445857806212,11.315164808126475,7
6.562644012335647,0.6977482176169357,0.30979777424873745,3.057287044794207,0.07328169386037328,5.3425860815614605,96.02507800709736,0.9943993393370765,3.4298621307184085,0.6646686291615114,11.827111482031443,6
6.249799658176803,0.7273974083778973,0.1942836856023224,4.813849584919916,0.04254873263455595,39.311214050943576,45.51248241562402,0.9974123724500507,3.315791854730776,0.7929155271137673,10.939810374235178,6
8.934938557982928,0.7251057739764095,0.36237253587851603,2.241122193573333,0.08649510030741263,15.083162060907117,25.052503361511082,1.0007295826911347,3.2569927258303983,0.6588810223401217,9.803102794878823,7
7.6239030063582405,0.8187364256259031,0.36611376286971276,3.410124471314302,0.04826572626742905,1.0,22.661819476895033,0.9961803799567206,3.04900841917266,0.7048266867217634,9.599013886639575,7
11.39391304593444,0.605979546828183,0.6482699802593994,1.2811305676237614,0.13100166966425092,29.07482079204536,96.30383099381132,1.0001842273327912,3.58882236556814,0.6446966133593096,9.95934340086257,7
9.919417270903141,0.8102387305784047,0.30098260533825977,2.3924013339341226,0.04726468736116616,29.04105312674594,69.39291820054088,0.9953933992205498,3.1703539218097765,0.48493242864113917,9.499996900375649,7
9.105278332444787,0.4939145703515819,0.06812356065304287,1.2,0.0815776274740911,20.70034307714883,21.51514178214856,0.9929476994409682,3.3504928799292086,0.7215728367201699,10.229611970557205,6
9.189234306804071,0.211938134299001,0.24801766824602317,3.6033705265708473,0.13116625212144278,22.53216970311702,50.41761909458963,0.9955993718514022,3.163872642535269,0.45008754155608716,9.596574003678336,7
10.562474206624184,0.6849304419032212,0.3854374691530616,2.7237768080315554,0.053526507946488854,38.57729428301543,6.0,0.9952603604973921,3.8917334563237307,0.6048851758962478,8.921635452521452,5
9.739080755936474,0.2052999573184348,0.45917521217145346,1.2,0.10632374606602323,5.790581478330777,6.0,0.9935266614344092,3.333010891086672,0.9829888196062908,10.80729167790132,6
9.149602945443238,0.5606363689088057,0.0,1.377392952426686,0.0412494781502907,17.299020566735525,21.815502784174132,0.995906846958795,3.215338079949237,0.6457658389951704,10.889871702738214,3
6.6335560002942335,0.701958284382366,0.31820427670344453,2.5855206416376375,0.09848600697826748,36.581878130036756,21.00851202754306,0.9985828927414775,3.403286854822707,0.5010489102569438,12.218379391869808,6
13.505309841190574,0.5883665832863355,0.0995215637753579,3.7934110223498445,0.11366060189630353,38.80647535016618,86.40818429063219,0.9955711716417647,3.4255095167544356,0.6989505520332354,9.936482688212347,6
6.424589312576004,0.9400837527048096,0.16233993432230598,4.571338084925925,0.08501892501097101,12.056030714468761,6.0,0.9959855940015804,3.3707682360451727,0.5638910581408294,8.4,6
7.768677346929721,0.17613278105354402,0.4307095286062445,2.3122244693367806,0.08857573551148099,37.00658392593591,6.0,0.9993039664409057,3.260178313709872,0.6764639308671095,11.27237252224642,7
5.486961930103005,0.5150850789435353,0.4117872224920608,1.2,0.10786733361334488,24.327622363897976,61.383778500253165,0.9952782851038493,3.3778381045809582,0.4579868444299886,11.392699192686855,6
9.215956869907746,0.533141983745478,0.14115103237246382,2.8338511964533124,0.07381609652264992,31.59975222761998,54.07595910609179,0.997875962465831,3.2860774006661346,0.7905447524432344,11.621941752748114,6
8.556887743384173,0.28806149308716555,0.2400100160023842,4.998835358645292,0.1288090206607425,23.98311948315676,34.99253950937335,0.9934558774701472,3.306104848261213,0.6791886884711342,11.974317040286078,6
9.600969945220093,0.32232809766962867,0.1681444589270379,1.2,0.15144362922507826,19.10718556053392,114.02688575741797,0.9948643301452993,3.189046553028311,0.48767721238539696,11.989517880049085,6
5.343588427122463,0.377876850051212,0.8194235680917858,1.2,0.04348812101460978,39.09856482198065,66.81269332245705,0.9962944809761234,3.0846308319732056,0.7191528972744083,9.354849200818453,6
10.191939634547584,0.3320634870711328,0.3228880516246189,3.3553500819453004,0.17005179999951198,10.349595375503704,86.7309328160858,0.9989973276389061,3.3967400381268704,0.9869801753338471,12.056442983669024,5
6.927359817501656,0.5105609629705038,0.11049849765816994,2.715038789355833,0.07273607530357351,35.8739729737167,44.828676103550535,0.9949661739669009,3.403370228235453,0.5227014054082765,10.049002223843807,7
8.04669116108143,0.42146631797261125,0.521211757782014,1.7369723804292783,0.18073421263683292,37.53723380414314,28.616147477309955,0.9949433363264121,3.5096823705675746,0.7867968573415826,11.254327405835506,7
9.88367115675781,0.5872235091372215,0.5279176594798268,2.808159422622033,0.07337389696439844,30.21200737340589,28.992943483613875,0.9972174697264248,3.317471257981812,0.7290488923059965,10.677657211503005,7
8.74415336302423,0.6468974839165513,0.6104174349994715,3.8685632825960417,0.1202467930316726,15.14684569098449,77.02017558415645,0.9975224843398168,3.2767770090033355,0.7265607863188037,9.359158458348942,6
8.86430234633367,0.6347202127494,0.6667187996769179,2.3623291209305015,0.11999449874188216,18.46657115377969,71.92342031048493,0.9947323638479182,3.0928888129876277,0.8110440339474961,11.64158343177845,6
9.65860399383918,0.4561772758667439,0.40446582774456447,2.239589227991065,0.06879635770350243,2.5145410396347962,39.30779244127242,0.9957083980985444,3.303913327690617,0.6109097988893435,9.911971378183404,7
9.028944087895832,0.581205613303605,0.2035281686821557,3.324633837896003,0.09041348724443192,11.147910315596505,62.015115397294764,0.9987646555729169,3.3654705129953153,0.6838969771706355,12.38888863857274,6
7.7201165656671815,0.716323204911812,0.23150281415517932,2.1212791653341254,0.1546753261487701,22.417473407604373,78.17013397716636,0.9944579827340401,3.029760249453525,0.674704032561593,9.583329777432965,6
8.017002482000112,0.6102016246299482,0.21450569269475683,4.0995329852293825,0.07185742486118571,1.0,27.946720115162712,0.9973488058041895,3.4746294325363474,0.5125256299307113,9.32523727871862,4
8.6601937537081,0.8646159849998156,0.193286480235985,5.337435549878092,0.06737533488603437,12.771931056020254,35.20228888157071,0.9957166863710649,3.200346227124009,0.7359955748764677,9.690728447696896,6
6.777554640971232,0.7067922176180038,0.5055879933848322,1.2498812446184733,0.03278704154425258,36.32070073646509,61.19447250446219,0.9993649046923818,3.2798005565539614,0.5963848904145993,11.999865363638815,6
9.99321472096074,0.8393132730767231,0.27013697231783546,1.2,0.16067495434493176,14.279177235874227,6.0,0.9978027975372881,3.4020566801518175,0.9691371296898921,8.723096068022928,6
8.790711682372724,0.12,0.4545701543150792,3.0204069341660604,0.06440350160928363,26.753097522618923,61.81798257050203,0.9983730694991846,3.3088737702387205,0.5716638710819836,11.37698112229658,6
8.427119655467347,0.5474017018052418,0.39853814540838806,1.2,0.1433990702435534,21.848275778079795,9.485885940893404,0.9956785902951429,3.526117618235456,0.4335476270582011,12.36062574502049,6
10.3272441503535,0.47169214982860075,0.06125555700680413,1.2,0.05873632359766416,12.669260916677533,77.48039656194263,0.9982665787964353,3.406836147220845,0.848470759385813,10.218761555899324,7
8.095806806540672,0.5075036485434413,0.0,1.2,0.14192347691418447,14.271989082057868,117.16212081621286,0.998217106319846,3.287156855629615,0.5314781696062388,9.979397569341833,7
7.989884304840892,0.38510730438125496,0.03503403632983765,1.9648468533993748,0.12491222648596924,17.652085098137377,23.563162442545863,0.9976870288608812,2.8294815697776374,0.4517403674708336,10.485488669670461,7
7.476131101193261,0.6013158920691524,0.18892579013115013,2.45381357604185,0.07626369970988114,1.0,6.0,0.9961630423917667,3.463412747348677,0.7238797529011647,9.199022196872384,7
8.88321391517409,0.20449584216486577,0.2955223390508963,1.775691815200874,0.05248902934939727,25.843235409192808,40.58100604662982,0.9970089501555951,3.128348218660758,0.884524041191618,13.233642729205421,7
8.824365184163575,0.6026186353168324,0.14682293780456696,4.446466456945039,0.05630756295347142,14.657009211931634,37.772953135359536,0.993179851883756,3.4411871985611526,0.7833491192098722,11.116697159747055,4
7.167316859133159,0.39109198036750276,0.4035823778808093,4.342242173864564,0.05570740610521678,26.210130214323364,68.2378138247007,1.0000421087742246,3.3854891482175318,0.5608030287989261,9.094047931265376,6
7.997920238907221,0.4399305037783219,0.16973981306077773,5.200381549630459,0.1370636094658111,19.976106442295542,54.20061712842291,0.995552547071887,3.279386958890806,0.6798550166327957,9.536309300810297,4
7.178676143517305,0.6089303185218328,0.31882191325494946,2.565139852307192,0.09453082713683007,14.193124016511767,36.75073370085827,0.9960637836137388,3.456806853162588,0.6091468212513744,10.59167315556,7
7.101723628513667,0.5441799910159401,0.29234051932575844,4.1573466819150875,0.03458924567209093,17.974260594526566,49.48118749674512,0.9941961827884032,3.390240122665335,0.940345334972702,9.014966848688811,7
5.359173686064361,0.7197057640531617,0.5995422874396035,2.9323937083020146,0.07514972968294924,18.009564841948357,9.58118554292951,0.9979785002459685,3.3605678088813637,0.5836579415480754,8.790376430396137,6
7.907452568741356,0.35548936894772193,0.08470422423094817,2.7917352375274693,0.08084205520880669,31.399996047162944,73.78117492747397,0.997705499083431,3.045685625109709,0.6748296697962155,10.714331846648001,7
5.406237447663981,0.5154729826009171,0.689599627319394,1.845659494586354,0.012,16.557872174175902,99.73092160321579,0.9961385190428146,3.31613662888536,0.6867722044962528,11.47641822340697,5
7.513213333222832,0.6899791610620072,0.15707352797947516,1.2,0.07776389302197005,18.925737830241907,7.099054167058625,0.9922641223482002,3.118604787017207,0.46076310030442563,11.37928749987973,7
7.258419102008066,0.5950159538752517,0.015389190831446242,3.3922080370195853,0.12099006987335047,2.650157281368866,6.0,0.995348044561344,3.141225581930758,0.6252040806698906,10.336080800300106,6
10.088221597351527,0.6066069656233034,0.22878615181895784,4.115790731139233,0.08053148953390027,15.40604379286595,33.27129075999571,0.9975740431277093,3.2543840650697784,0.6279777077927897,10.106274933843638,5
6.57461082927361,0.7294477145089822,0.8856264382409934,1.2,0.09895712330109264,31.170256068863154,6.313621302642616,0.9971777010540689,3.5353662869884155,0.8920623958792067,10.455287102123464,6
7.005983145815392,0.456876359203485,0.44008899465353873,2.4864218729443484,0.10977211714632029,20.402620563127556,6.0,0.996612217204893,3.36627018079177,0.6911738084590289,11.461575931470055,6
7.651408963374328,0.4189704421179912,0.38456317965383974,3.8883060357803974,0.07089769468375959,4.549373267493118,6.0,0.9958944994420579,3.3764153400071786,0.593685183841514,9.055258224528327,6
7.313755792445281,0.6336627986478205,0.4210855037118889,1.9967017126964148,0.12134546907453843,5.6748024729638455,40.13048117135657,0.9937006217179847,3.4286457228735734,0.6333298442328569,9.568163122846865,6
10.62773315561719,0.503102332518004,0.12377724174456164,4.170345142665175,0.1555017619980899,8.114298012187994,32.964200748316024,0.9985313539860989,3.1752992335937518,0.6466169132367576,9.995790408470143,7
6.364435465815648,0.7319966421855888,0.33194843150951325,2.3036037532996843,0.015378644039971967,26.396125957731577,58.78015280404708,0.9939637698547491,3.0672328895973093,0.6513846633653041,10.140803900123398,6
7.65501235172407,0.5965592186807102,0.27047543706025334,1.7647780570224354,0.0707920616368926,25.10367537906918,27.976832987373214,0.9963119263070493,3.0398866456057045,0.8156630607625729,10.341716118705449,6
8.864510923579491,0.4177968775477529,0.613722682242438,4.2504016781177265,0.1964920217223245,1.0,6.472442156711814,0.9947337070644907,3.345584945470216,0.824380042041315,10.373354125591783,7
9.798011683171412,0.5909091248260055,0.24934933384853605,1.2,0.09501657301077597,15.04545021001673,45.94454996079259,0.9985880103849712,3.461950447879153,0.4895805309813137,11.1212064405879,7
7.6535893549186556,0.36751406043994406,0.1981274565302924,1.4851343554452896,0.08536195832692275,17.450200054062627,11.673506206872894,0.9978058519718729,3.4505634661067326,0.8395531446707956,8.513786642271448,6
5.039230679143554,0.7004471243042701,0.048688114499866764,1.2462357613957713,0.07487200577956296,5.797492946977199,63.35042982454858,0.9960213156466047,3.1820186313600907,0.7857290683955223,8.686459143848682,6
8.044822823304642,0.27851258482133273,0.2966027525063669,1.2,0.1468984517808225,11.800012532089156,6.0,0.9980132499009168,3.5187463120627513,0.6490367356800532,9.688242025742936,5
10.598448409507217,0.7499717493553133,0.32566084836857867,2.7142474843241433,0.0428673197772291,29.875484765861827,6.0,0.9938656953156715,3.624628505494429,0.40742608933606383,11.324040610834505,6
8.779718592631726,0.5877577720132239,0.04169824425330165,1.7818915575100962,0.13053020275420144,20.192853724052288,6.0,0.9965489539028497,3.4035752909396138,0.6941492219955603,9.702413736624568,7
8.701910366011886,0.5003790254679187,0.3561010847715094,3.1840583349830407,0.0739927015534221,10.654382276725695,32.737291083925975,0.9946957594833352,3.539041062600027,0.5978297779704148,10.356042003976516,6
6.492869414319107,0.6674001471680978,0.3143041095210231,1.2,0.05175738263271529,13.933262203115579,37.05342773003724,0.9986476202624972,3.44446596309429,0.7523299918662665,10.53711025262285,6
6.31835829650927,0.622038795949224,0.4625546943779152,1.2,0.07613817541854978,13.507332145546588,51.00538467610061,0.9974111500692486,3.2746237986094524,0.7679225775756401,10.738223528342871,7
8.33067080267797,0.7694687034184509,0.5003499424013617,2.572210725336918,0.08482011716260257,18.86052958094774,27.921292553467605,0.9979348917338435,3.207654400346708,0.8822428567700674,12.074095370053644,5
5.8751558321216075,0.7677911129036241,0.2879130657867131,4.557552836085204,0.06360604960512677,1.0,18.64988818936001,0.9956488398500154,3.061585964333925,0.4775980914690589,11.143269270821566,6
9.628315778016269,0.5934122799499315,0.07309067201490185,3.0299030084845286,0.13930030833730758,8.867569352205557,93.65473337362428,0.9981151409934739,3.2415065624746027,1.0215224311363538,11.467285562353261,6
6.860701376927185,0.37308127615251613,0.11218189969651748,1.67485316720938,0.052122047538629486,26.771662722949806,84.9563302708563,0.994577737413678,3.273527955319302,0.8101988455731013,10.264327879690844,7
8.258082622756461,0.43252837991967663,0.6048042559850273,1.2,0.09358351785411187,15.138051886928501,78.9460599753442,0.9948503009635699,3.276931981356262,0.7794226438028131,11.976649124882014,6
5.094196238117789,0.5171035605539033,0.30144298469328645,1.5930155322314687,0.1122593317952374,6.975963346018682,56.66268804855987,0.9963672027367169,3.292662454461772,0.9837894981077584,10.476620198625929,7
7.63053682364604,0.7247099049911169,0.601769218114701,2.4405222284400514,0.09309698328811854,7.409069562594009,59.281858054975345,0.9949240259564639,2.9567706234649562,0.7120323974356985,8.4,6
6.284037069878655,0.4478504369592544,0.3647349155125737,1.2,0.12329480687371469,23.4688578223722,20.008989559742584,0.9980482492875093,3.429970548848876,0.8337200202053853,13.030473729225603,5
4.6,0.46287070632257543,0.4132097710639052,1.2,0.06662249046011318,10.463044714033781,51.24938768261674,0.9958004331066561,3.4478433727539075,0.6868611379718262,10.449415384343594,7
9.221131551871741,0.8627031132681369,0.44835748708525025,1.467421649494239,0.11626347087117908,21.264485480409117,15.578368461293273,0.994646747083809,3.3671388072618464,0.8009392139648709,10.966856576728233,7
11.089971216455675,0.5112262679520092,0.03760362526220959,2.1396279499410547,0.11765472540548465,9.318239630639491,11.847308409596451,0.9944006543803152,3.1299207985800663,0.8554731798793581,9.256587875248048,7
10.220105101884709,0.4157482597520111,0.32832064252138,2.4239289283518137,0.13250164363030908,4.0353686270001266,6.0,0.998025047319771,3.366515806508858,0.8380177708999583,12.750917810542846,7
9.458874172836468,0.6697962851109466,0.034970208741208125,1.644785110510011,0.012,18.466703564223256,59.859755046485674,0.9918662565144053,3.3134819436674414,0.4009625006033991,9.55121831129181,7
7.5959940144925735,0.5198958290672747,0.2158666539032817,3.2082224550840843,0.11092516851768115,14.877499437908591,51.884800977357784,0.994779026160805,3.3830703352225813,0.5876510018707867,9.987785913200504,6
9.670013388531306,0.27987215058195825,0.3916322308633796,2.6745896642426508,0.12935967916939586,23.093805553360713,36.53508751774204,0.9993655190895282,3.5488728787778276,0.8572063689710054,8.763868813403803,6
10.380550437575337,0.7173645349053273,0.07518656079883401,1.9819114016927484,0.06766144435284709,25.1833053708297,32.22776328481078,0.996045709671714,3.2825157748601748,0.7426831585288215,10.790098134749702,7
8.5325971104412,0.3955329222741306,0.3762740916602577,3.401285533313105,0.06125239306056859,12.141347668089322,6.0,0.9980612610668,3.3379549264989836,0.649597063164728,10.09877854418063,6
6.286587707069562,0.5378454077101237,0.0,3.2867168631141865,0.05403525255454458,19.5638051871867,54.935545499122284,0.9975122487096949,3.1768883286264344,0.744300516753623,8.74835421836702,7
7.451046692394669,0.5177349595182759,0.4872307665526981,1.2,0.03849573415237843,11.817497252676581,36.118731930709814,0.9963373388255279,3.4519381531995457,0.4703718890737712,10.327699107266147,7
11.194584030191493,0.5714182112245754,0.143756935399984,2.455161403177897,0.1182907225383667,22.553293122749572,75.97830822260858,0.9935480698925218,3.4182214474278516,0.7917013482233356,10.501430606853397,6
8.172934914144719,0.13560666693836043,0.07484768939843112,3.7463647440540813,0.19424943707616604,18.350862341626737,51.310353609030585,0.9941808468314235,3.3433503242592972,0.7211480391716727,10.135200671396145,6
4.6,0.4696820938161378,0.0,3.980484991023049,0.0608670589585676,9.34971656769087,69.72028982321262,0.9941488326368082,3.1478178440325313,0.672492495969784,8.451649866260862,7
5.802830111760672,0.7324706708208264,0.15992277176084485,3.019272306889402,0.0650722230283654,8.470432144305605,46.26179088625257,0.9976158963837706,3.204771287357514,0.6275849868395557,10.71115151373584,6
7.578437204657782,0.7577801935804978,0.0,2.1733960135550494,0.08772363723326107,18.72101321359027,52.47720199391907,0.9979722030896127,3.027986169776993,0.6972798690494371,9.04362488258792,7
10.060902905309867,0.3515677313047422,0.16580416356941735,3.0898477119254104,0.012,28.103006052852116,77.13405453592992,0.9950302522998276,3.2029541900402148,0.6113735661533686,11.351462207171219,6
7.83569200090825,0.6957076836881269,0.4789025348132855,3.630882803808497,0.05430922827888195,25.363610217663272,40.17039320326629,0.9965503335241079,3.4192425787658456,0.6029400190502202,9.805710243892516,7
10.092533813454542,0.3929426442033949,0.23414479604943156,2.6621647286133903,0.08432261302762648,5.998401258210997,62.024025821829255,0.9967154179270973,3.3709473178557428,0.9621073040282917,11.392552212958357,5
7.405523998969269,0.462584193310289,0.046271462977738265,2.820045803809789,0.04498536881895693,7.102645391763161,31.908046753066827,0.9968485707502175,3.334591946026346,0.3882903005782007,10.4150686599879,7
4.960702712199458,0.4720428140373348,0.3129900301480736,2.1502755839305534,0.1432797446978344,8.649984028552572,42.186582673353946,0.9952522253723705,3.538582060001421,0.39178530462103894,10.469972457865401,6
7.464346030383257,0.5495846677469735,0.29620019741623227,1.2,0.026190583841809036,9.636089239361144,98.92693955425196,0.9998123056369048,3.356897581396839,0.7908580859613297,11.76563820679989,6
8.886406502628684,0.7102459621323552,0.6417558928912861,2.2558902316469824,0.1293472502374994,1.0,67.57266983638834,0.9979879609541131,3.2211181550163515,0.45064494692452084,9.527665781935248,6
8.745315593880234,0.57762521648524,0.4202369935226772,1.5520404757672526,0.15601960677861376,24.195453643362065,28.686001906940017,0.9968388591531027,3.2022099777729602,0.33,9.227521891572357,7
6.166316826263721,0.5072962831417079,0.32806364416284056,1.5565100712717421,0.10494106300780084,11.1132312785938,60.41404037147661,0.9957142226562522,3.2743158950956426,0.8304253879548843,10.994600861307354,7
7.702966456933599,0.7041160219468788,0.44196264418831405,4.507368284824219,0.08053982382306905,20.751779686923925,6.0,0.9951162199421452,3.240669969491718,0.8722117973489301,8.993967737822974,6
12.863946204708926,0.3855209497579314,0.24446759704578813,3.8321803288227,0.09857524520970741,12.584540913720506,39.222776139027275,0.9974560006775853,3.4567591502335095,0.4356339178486632,9.545306766712871,5
6.20344299529531,0.5161008601757691,0.2556714956278221,1.2,0.06629351390482496,15.65885804669827,15.132340502939652,0.9957998331092385,3.374902866140449,0.35279420208129164,8.710297073637983,4
9.423229770588375,0.7092406211079552,0.5851986576519974,1.2,0.012,8.705548276689672,61.367713902136785,0.9969540906605312,3.2607703414512423,0.45080804035783906,11.632450141574736,7
4.735651312431348,0.6252751181223032,0.0,1.9910131376264042,0.04097514034879474,15.603293590368487,40.284151292116405,0.9930913087753941,3.2666330142711915,0.5390153999995421,9.327137669021608,7
9.768446101768426,0.44606528405991575,0.45390964749677853,1.603114877809653,0.08647458157253954,6.751918975947639,55.82644184646713,0.9956933917414135,3.4182992262386516,0.9833651838835213,9.699921067719325,6
6.783046836679642,0.2576677820119519,0.2489496196193226,2.9443855829053076,0.04278771640638579,15.681184695902004,71.97050616007216,0.9964927329954784,3.465685084640159,0.5849429953310662,9.019643833079401,6
8.983550038945,0.585954474343066,0.21461700996186314,1.2,0.06758322436884227,31.20084228819254,31.358950876365068,0.9985388432005287,3.026116145621215,0.7994158096143111,9.987599202406859,6
6.1044064769940585,0.24583846365746198,0.1649497725981946,3.8419447458180613,0.10952142049234022,21.366349540690543,32.534465986026056,0.9949475842930914,3.283633274417555,0.7807004334963965,10.247049529943451,7
8.794449760300402,0.4917497543555903,0.2991980639071958,2.4383922370814437,0.0938161361062072,18.956044960776815,45.281476758288484,0.9938769168448603,3.324089679665755,0.882811600957653,11.283795450387599,6
6.755294497239556,0.7422107118626002,0.26172940136411343,2.023283137404352,0.13674831428959128,2.042721410643061,18.189672572389266,0.9975449722979409,3.394413310609715,0.5515832720698624,8.98550673553455,7
7.084418088956737,0.6374165563343329,0.19120654652187624,2.4799527801979178,0.1008258742860753,21.856192221609,46.13109268880267,0.9965782927741731,3.327400834884968,0.6562669982656859,9.757013531775263,5
9.051376210871553,0.16574228395780993,0.13649502842783634,1.9154886970789557,0.10358962523697478,22.876760535777414,47.867415877643964,0.9934281551964522,3.372708787034198,0.6207361324683279,11.922330160282053,7
7.568344690125073,0.5660812707812571,0.0,1.2,0.05352240356710485,18.71678995008812,54.03213307891362,0.9935228969240755,3.2735082924486014,0.7494592603417018,11.513933991289338,6
8.94664846196773,0.47254941537153305,0.1324772885731827,2.516696373080067,0.02443801335915438,18.149966163250376,60.30320953896772,0.9954709357860665,3.1858974128909727,0.8647002713738748,9.67474835495042,6
7.975569758306304,0.30073086786941916,0.17266392221041538,2.0509550559116185,0.06759265918450504,14.428097467085998,6.0,0.9965408799634617,3.4307660453977773,1.0283307553664385,10.347063745203707,7
8.414739258120369,0.5903038332443784,0.2987339037117,1.2,0.052822310515315156,22.71872641613586,6.0,0.9993396417452779,3.4356495223036108,0.5915931307296655,12.505797706059756,7
9.056647001300783,0.4414871872176691,0.6429863180894859,4.036401763983214,0.07916192134889917,30.568610827358484,8.09963804841194,0.9946458352679208,3.410382394754034,0.6820347149712253,9.12243897105453,8
7.704968627195061,0.44260387304489046,0.1529683232324504,3.437213218750518,0.0368961969443865,19.370545815506865,49.54680324035167,0.997723676541146,3.437787785372466,0.8053420591856238,8.4,5
6.606715363796985,0.5523281213168096,0.0754911377880377,5.914399389210952,0.12659697065005154,5.696969617592266,37.14403423624626,0.9929743834841175,3.1603539557207094,0.7620006461812581,9.826379053612527,5
7.395069147919358,0.4173407844377328,0.13424574265241143,3.6687599016694343,0.052648878453865004,6.50021998639817,6.0,0.9973858256866777,3.231854992623149,0.9495649932065291,10.310785658138798,7
10.331736605716841,0.5472324500959814,0.29913550584440185,1.5991909061576126,0.06990285599546192,23.525518669345125,110.55777419872975,0.9995625112076538,3.482459461010105,0.6396636250825194,9.541650862718676,6
8.497494242930134,0.4232015198666119,0.3818407373612918,1.231894869957498,0.08605097116023298,5.7822902472824325,6.0,0.9969692389616425,3.3648599009216165,0.5904355554903449,11.445293628755662,6
6.8636726292021955,0.4330769370879425,0.4083855904832132,1.807972158199103,0.1397893164902791,18.01107736676098,47.50093907339748,0.9954304872775304,3.3186497574959364,0.8919703332281759,10.625401588333718,5
8.982653034259123,0.708727358473195,0.4272645196645106,1.5667199380498968,0.16965856333687857,12.271801215116348,65.03497307406462,0.9990418186945011,3.271208516371806,0.7095185720154255,9.753262288277993,5
